CREATE DATABASE  IF NOT EXISTS `sweetpos_python` /*!40100 DEFAULT CHARACTER SET utf8mb4 COLLATE utf8mb4_0900_as_cs */ /*!80016 DEFAULT ENCRYPTION='N' */;
USE `sweetpos_python`;
-- MySQL dump 10.13  Distrib 8.0.13, for Win64 (x86_64)
--
-- Host: localhost    Database: sweetpos_python
-- ------------------------------------------------------
-- Server version	8.0.37

/*!40101 SET @OLD_CHARACTER_SET_CLIENT=@@CHARACTER_SET_CLIENT */;
/*!40101 SET @OLD_CHARACTER_SET_RESULTS=@@CHARACTER_SET_RESULTS */;
/*!40101 SET @OLD_COLLATION_CONNECTION=@@COLLATION_CONNECTION */;
 SET NAMES utf8 ;
/*!40103 SET @OLD_TIME_ZONE=@@TIME_ZONE */;
/*!40103 SET TIME_ZONE='+00:00' */;
/*!40014 SET @OLD_UNIQUE_CHECKS=@@UNIQUE_CHECKS, UNIQUE_CHECKS=0 */;
/*!40014 SET @OLD_FOREIGN_KEY_CHECKS=@@FOREIGN_KEY_CHECKS, FOREIGN_KEY_CHECKS=0 */;
/*!40101 SET @OLD_SQL_MODE=@@SQL_MODE, SQL_MODE='NO_AUTO_VALUE_ON_ZERO' */;
/*!40111 SET @OLD_SQL_NOTES=@@SQL_NOTES, SQL_NOTES=0 */;

--
-- Table structure for table `bill_items`
--

DROP TABLE IF EXISTS `bill_items`;
/*!40101 SET @saved_cs_client     = @@character_set_client */;
 SET character_set_client = utf8mb4 ;
CREATE TABLE `bill_items` (
  `id` int NOT NULL AUTO_INCREMENT,
  `item_id` int DEFAULT NULL,
  `item_name` varchar(255) CHARACTER SET utf8mb4 COLLATE utf8mb4_0900_as_cs DEFAULT NULL,
  `unit` varchar(50) CHARACTER SET utf8mb4 COLLATE utf8mb4_0900_as_cs DEFAULT NULL,
  `rate` decimal(10,2) DEFAULT NULL,
  `gst_percentage` decimal(5,2) DEFAULT NULL,
  `item_MRP` decimal(10,2) DEFAULT NULL,
  `HSNCode` varchar(20) CHARACTER SET utf8mb4 COLLATE utf8mb4_0900_as_cs DEFAULT NULL,
  `barcode` varchar(50) CHARACTER SET utf8mb4 COLLATE utf8mb4_0900_as_cs DEFAULT NULL,
  `quantity` int DEFAULT NULL,
  `Amount` decimal(10,2) DEFAULT NULL,
  `BillCode` varchar(50) CHARACTER SET utf8mb4 COLLATE utf8mb4_0900_as_cs DEFAULT NULL,
  `created_at` timestamp NULL DEFAULT CURRENT_TIMESTAMP,
  `updated_at` timestamp NULL DEFAULT CURRENT_TIMESTAMP ON UPDATE CURRENT_TIMESTAMP,
  PRIMARY KEY (`id`)
) ENGINE=InnoDB AUTO_INCREMENT=2 DEFAULT CHARSET=utf8mb4 COLLATE=utf8mb4_0900_as_cs;
/*!40101 SET character_set_client = @saved_cs_client */;

--
-- Dumping data for table `bill_items`
--

LOCK TABLES `bill_items` WRITE;
/*!40000 ALTER TABLE `bill_items` DISABLE KEYS */;
/*!40000 ALTER TABLE `bill_items` ENABLE KEYS */;
UNLOCK TABLES;

--
-- Table structure for table `defaultquantitys`
--

DROP TABLE IF EXISTS `defaultquantitys`;
/*!40101 SET @saved_cs_client     = @@character_set_client */;
 SET character_set_client = utf8mb4 ;
CREATE TABLE `defaultquantitys` (
  `ID` int NOT NULL AUTO_INCREMENT,
  `Name` varchar(255) CHARACTER SET utf8mb4 COLLATE utf8mb4_0900_as_cs DEFAULT NULL,
  `ItemID` int DEFAULT NULL,
  `ShortName` varchar(50) CHARACTER SET utf8mb4 COLLATE utf8mb4_0900_as_cs DEFAULT NULL,
  `value` varchar(45) CHARACTER SET utf8mb4 COLLATE utf8mb4_0900_as_cs DEFAULT NULL,
  `displayColor` varchar(45) CHARACTER SET utf8mb4 COLLATE utf8mb4_0900_as_cs DEFAULT 'black,whitesmoke',
  `defaultquantityscol` varchar(45) CHARACTER SET utf8mb4 COLLATE utf8mb4_0900_as_cs DEFAULT NULL,
  PRIMARY KEY (`ID`)
) ENGINE=InnoDB AUTO_INCREMENT=21 DEFAULT CHARSET=utf8mb4 COLLATE=utf8mb4_0900_as_cs;
/*!40101 SET character_set_client = @saved_cs_client */;

--
-- Dumping data for table `defaultquantitys`
--

LOCK TABLES `defaultquantitys` WRITE;
/*!40000 ALTER TABLE `defaultquantitys` DISABLE KEYS */;
INSERT INTO `defaultquantitys` VALUES (9,'1kg',NULL,'1kg','1','#A6D7A8,BLACK',NULL),(10,'2kg',NULL,'2kg','2',NULL,NULL),(11,'3kg',NULL,'3kg','3',NULL,NULL),(12,'750gm',NULL,'750gm','0.750',NULL,NULL),(13,'500gm',NULL,'500gm','0.500','#A6D7A8,BLACK',NULL),(14,'250gm',NULL,'250gm','0.250','#A6D7A8,BLACK',NULL),(15,'200gm',NULL,'200gm','0.200',NULL,NULL),(16,'100gm',NULL,'100gm','0.100',NULL,NULL),(17,'50gm',NULL,'50gm','0.050',NULL,NULL),(18,'125gm',NULL,'0.125gm','0.125','white,black',NULL),(19,'300gm',NULL,'0.300gm','0300','white,black',NULL),(20,'400gm',NULL,'0.400gm','0.400','white,black',NULL);
/*!40000 ALTER TABLE `defaultquantitys` ENABLE KEYS */;
UNLOCK TABLES;

--
-- Table structure for table `info`
--

DROP TABLE IF EXISTS `info`;
/*!40101 SET @saved_cs_client     = @@character_set_client */;
 SET character_set_client = utf8mb4 ;
CREATE TABLE `info` (
  `id` int NOT NULL,
  `Name` varchar(45) DEFAULT NULL,
  `value` varchar(2000) DEFAULT NULL,
  PRIMARY KEY (`id`)
) ENGINE=InnoDB DEFAULT CHARSET=utf8mb4 COLLATE=utf8mb4_0900_ai_ci;
/*!40101 SET character_set_client = @saved_cs_client */;

--
-- Dumping data for table `info`
--

LOCK TABLES `info` WRITE;
/*!40000 ALTER TABLE `info` DISABLE KEYS */;
INSERT INTO `info` VALUES (1,'System Title','Point of Sale'),(2,'Company Name','Atharv Enterprises'),(3,'Company Subtitle','CHITALE BANDHU MITHAIWALE'),(4,'Address1','Shop No. 1&2, Nalini Park, Opp. LIC, Gadital,'),(5,'Address2','Solapur Road, Pune, 28. Ph. 9834891321'),(6,'Phone No','9834891321'),(7,'GSTIN','27AAZFA6806B1ZB'),(8,'Subject To',''),(9,'First Line',''),(10,'Bill Details','We hereby certify that food/foods mentioned in this invoice is/are warranted to be the nature & quality when it/this purporated to be at the time of delivery. Kindly comsume sweets immediately. Goods once sold will not be taken back. FSSAI: 11518036001238'),(11,'',''),(12,'',''),(13,'Print Logo Path','D:\\CBM_BlackWhite1.png'),(14,'',''),(15,'Adverties Logo Path','D:\\adverties1.png'),(19,'Invoice Prefix','CBM'),(20,'Seller Location','Pune'),(21,'Seller Pincode','411028'),(22,'Bank Details','Bank : ICICI, Bhandarkar Rd. <br>A/C No. : 624005017419, IFSC : ICIC0006240'),(23,'Note','1) Order can not be canceled. <br>2) Mithai should be consumed immediately. <br>3) Total order amount may change at actual, at the time of delivery.'),(24,'party Id','19803'),(25,'ClientID','1');
/*!40000 ALTER TABLE `info` ENABLE KEYS */;
UNLOCK TABLES;

--
-- Table structure for table `invoiceitems`
--

DROP TABLE IF EXISTS `invoiceitems`;
/*!40101 SET @saved_cs_client     = @@character_set_client */;
 SET character_set_client = utf8mb4 ;
CREATE TABLE `invoiceitems` (
  `id` bigint NOT NULL AUTO_INCREMENT,
  `Invoice_id` bigint DEFAULT NULL,
  `PendingBill_id` int DEFAULT NULL,
  `IsMixItem` tinyint DEFAULT '0',
  `MixItemID` int DEFAULT NULL,
  `ItemId` bigint NOT NULL,
  `HSNCode` varchar(45) CHARACTER SET utf8mb4 COLLATE utf8mb4_0900_as_cs DEFAULT NULL,
  `Quantity` decimal(30,20) NOT NULL,
  `Rate` decimal(30,20) NOT NULL,
  `Unit` varchar(45) CHARACTER SET utf8mb4 COLLATE utf8mb4_0900_as_cs DEFAULT NULL,
  `GSTPercentage` decimal(30,20) NOT NULL,
  `TaxableRate` decimal(30,20) DEFAULT NULL,
  `TaxableAmount` decimal(30,20) DEFAULT NULL,
  `DiscountType` varchar(50) CHARACTER SET utf8mb4 COLLATE utf8mb4_0900_as_cs DEFAULT NULL,
  `DiscountValue` decimal(30,20) DEFAULT NULL,
  `DiscountAmount` decimal(30,20) DEFAULT NULL,
  `TaxableDiscountedAmount` decimal(30,20) DEFAULT NULL,
  `GSTAmount` decimal(30,20) NOT NULL,
  `CGSTAmount` decimal(30,20) NOT NULL,
  `SGSTAmount` decimal(30,20) NOT NULL,
  `IGSTAmount` decimal(30,20) NOT NULL,
  `ItemFinalAmount` decimal(30,20) DEFAULT NULL,
  `createdBy` int DEFAULT NULL,
  `createdOn` datetime DEFAULT CURRENT_TIMESTAMP,
  `SGSTRate` decimal(30,20) DEFAULT NULL,
  `CGSTRate` decimal(30,20) DEFAULT NULL,
  `IGSTRate` decimal(30,20) DEFAULT NULL,
  PRIMARY KEY (`id`)
) ENGINE=InnoDB AUTO_INCREMENT=6 DEFAULT CHARSET=utf8mb4 COLLATE=utf8mb4_0900_as_cs;
/*!40101 SET character_set_client = @saved_cs_client */;

--
-- Dumping data for table `invoiceitems`
--

LOCK TABLES `invoiceitems` WRITE;
/*!40000 ALTER TABLE `invoiceitems` DISABLE KEYS */;
INSERT INTO `invoiceitems` VALUES (1,1,NULL,0,NULL,105,NULL,1.00000000000000000000,180.00000000000000000000,'1',12.00000000000000000000,160.71428571428572000000,160.71428571428572000000,'%',0.00000000000000000000,0.00000000000000000000,160.71428571428572000000,19.28571428571429000000,9.64285714285714400000,9.64285714285714400000,19.28571428571429000000,180.00000000000000000000,NULL,'2024-06-29 12:57:44',6.00000000000000000000,6.00000000000000000000,NULL),(2,2,NULL,0,NULL,111,NULL,1.00000000000000000000,210.00000000000000000000,'1',12.00000000000000000000,187.50000000000000000000,187.50000000000000000000,'%',0.00000000000000000000,0.00000000000000000000,187.50000000000000000000,22.50000000000000000000,11.25000000000000000000,11.25000000000000000000,22.50000000000000000000,210.00000000000000000000,NULL,'2024-06-29 13:24:02',6.00000000000000000000,6.00000000000000000000,NULL),(3,2,NULL,0,NULL,104,NULL,1.00000000000000000000,75.00000000000000000000,'1',12.00000000000000000000,66.96428571428571000000,66.96428571428571000000,'%',0.00000000000000000000,0.00000000000000000000,66.96428571428571000000,8.03571428571428500000,4.01785714285714200000,4.01785714285714200000,8.03571428571428500000,75.00000000000000000000,NULL,'2024-06-29 13:24:02',6.00000000000000000000,6.00000000000000000000,NULL),(4,2,NULL,0,NULL,114,NULL,1.00000000000000000000,68.00000000000000000000,'1',12.00000000000000000000,60.71428571428571500000,60.71428571428571500000,'%',0.00000000000000000000,0.00000000000000000000,60.71428571428571500000,7.28571428571428600000,3.64285714285714300000,3.64285714285714300000,7.28571428571428600000,68.00000000000000000000,NULL,'2024-06-29 13:24:02',6.00000000000000000000,6.00000000000000000000,NULL),(5,3,NULL,0,NULL,191,NULL,1.00000000000000000000,140.00000000000000000000,'1',5.00000000000000000000,133.33333333333334000000,133.33333333333334000000,'%',0.00000000000000000000,0.00000000000000000000,133.33333333333334000000,6.66666666666666800000,3.33333333333333400000,3.33333333333333400000,6.66666666666666800000,140.00000000000000000000,NULL,'2024-06-29 13:24:10',2.50000000000000000000,2.50000000000000000000,NULL);
/*!40000 ALTER TABLE `invoiceitems` ENABLE KEYS */;
UNLOCK TABLES;

--
-- Table structure for table `invoices`
--

DROP TABLE IF EXISTS `invoices`;
/*!40101 SET @saved_cs_client     = @@character_set_client */;
 SET character_set_client = utf8mb4 ;
CREATE TABLE `invoices` (
  `ID` int NOT NULL AUTO_INCREMENT,
  `InvoiceDate` date DEFAULT NULL,
  `InvoiceNumber` int DEFAULT NULL,
  `PaymentMode` varchar(50) CHARACTER SET utf8mb4 COLLATE utf8mb4_0900_as_cs DEFAULT NULL,
  `DiscountAmount` decimal(30,20) DEFAULT '0.00000000000000000000',
  `InvoiceAmount` decimal(30,20) DEFAULT '0.00000000000000000000',
  `RoundedAmount` decimal(40,0) DEFAULT '0',
  `CreatedBy` varchar(100) CHARACTER SET utf8mb4 COLLATE utf8mb4_0900_as_cs DEFAULT NULL,
  `CreatedOn` datetime DEFAULT NULL,
  `UpdatedBy` varchar(100) CHARACTER SET utf8mb4 COLLATE utf8mb4_0900_as_cs DEFAULT NULL,
  `UpdatedOn` datetime DEFAULT NULL,
  `FullInvoiceNumber` varchar(50) CHARACTER SET utf8mb4 COLLATE utf8mb4_0900_as_cs DEFAULT NULL,
  `Upload` datetime DEFAULT NULL,
  `MobileNumber` varchar(12) CHARACTER SET utf8mb4 COLLATE utf8mb4_0900_as_cs DEFAULT NULL,
  `CustomerID` int DEFAULT '0',
  `macID` varchar(50) CHARACTER SET utf8mb4 COLLATE utf8mb4_0900_as_cs DEFAULT 'Null',
  PRIMARY KEY (`ID`)
) ENGINE=InnoDB AUTO_INCREMENT=4 DEFAULT CHARSET=utf8mb4 COLLATE=utf8mb4_0900_as_cs;
/*!40101 SET character_set_client = @saved_cs_client */;

--
-- Dumping data for table `invoices`
--

LOCK TABLES `invoices` WRITE;
/*!40000 ALTER TABLE `invoices` DISABLE KEYS */;
INSERT INTO `invoices` VALUES (1,'2024-06-29',1,'Cash',0.00000000000000000000,180.00000000000000000000,180,'2','2024-06-29 12:57:44','2','2024-06-29 12:57:44',NULL,NULL,'',0,'EC:B1:D7:5D:4B:52'),(2,'2024-06-29',2,'Cash',0.00000000000000000000,353.00000000000000000000,353,'2','2024-06-29 13:24:02','2','2024-06-29 13:24:02',NULL,NULL,'',0,'EC:B1:D7:5D:4B:52'),(3,'2024-06-29',3,'Cash',0.00000000000000000000,140.00000000000000000000,140,'2','2024-06-29 13:24:10','2','2024-06-29 13:24:10',NULL,NULL,'',0,'EC:B1:D7:5D:4B:52');
/*!40000 ALTER TABLE `invoices` ENABLE KEYS */;
UNLOCK TABLES;

--
-- Table structure for table `itemgroups`
--

DROP TABLE IF EXISTS `itemgroups`;
/*!40101 SET @saved_cs_client     = @@character_set_client */;
 SET character_set_client = utf8mb4 ;
CREATE TABLE `itemgroups` (
  `ID` int NOT NULL AUTO_INCREMENT,
  `Name` text CHARACTER SET utf8mb4 COLLATE utf8mb4_0900_as_cs,
  `ShortName` text CHARACTER SET utf8mb4 COLLATE utf8mb4_0900_as_cs,
  `FoodERP_ID` int DEFAULT NULL,
  `DisplayIndex` int DEFAULT NULL,
  `IsActive` tinyint DEFAULT NULL,
  PRIMARY KEY (`ID`)
) ENGINE=InnoDB AUTO_INCREMENT=67 DEFAULT CHARSET=utf8mb4 COLLATE=utf8mb4_0900_as_cs;
/*!40101 SET character_set_client = @saved_cs_client */;

--
-- Dumping data for table `itemgroups`
--

LOCK TABLES `itemgroups` WRITE;
/*!40000 ALTER TABLE `itemgroups` DISABLE KEYS */;
INSERT INTO `itemgroups` VALUES (59,'Agencies','Agencies',NULL,7,1),(60,'Dairy & Mix','Dairy & Mix',NULL,4,1),(61,'Ice Cream & Dry Fruits','Ice Cream & Dry Fruits',NULL,5,1),(62,'Loose Mithai','Loose Mithai',NULL,1,1),(63,'Others','Others',NULL,8,1),(64,'Packed Sweets','Packed Sweets',NULL,3,1),(65,'Seasonal','Seasonal',NULL,6,1),(66,'Snacks & Namkeen','Snacks & Namkeen',NULL,2,1);
/*!40000 ALTER TABLE `itemgroups` ENABLE KEYS */;
UNLOCK TABLES;

--
-- Table structure for table `items`
--

DROP TABLE IF EXISTS `items`;
/*!40101 SET @saved_cs_client     = @@character_set_client */;
 SET character_set_client = utf8mb4 ;
CREATE TABLE `items` (
  `ID` int NOT NULL AUTO_INCREMENT,
  `Name` text CHARACTER SET utf8mb4 COLLATE utf8mb4_0900_as_cs,
  `ItemSubGroupID` int DEFAULT NULL,
  `ShortName` text CHARACTER SET utf8mb4 COLLATE utf8mb4_0900_as_cs,
  `Barcode` varchar(15) CHARACTER SET utf8mb4 COLLATE utf8mb4_0900_as_cs DEFAULT NULL,
  `Unit` text CHARACTER SET utf8mb4 COLLATE utf8mb4_0900_as_cs,
  `MRP` double DEFAULT NULL,
  `Rate` double DEFAULT NULL,
  `OnlineRate` double DEFAULT NULL,
  `GSTPercentage` double DEFAULT NULL,
  `HSNCode` int DEFAULT NULL,
  `Code` varchar(7) CHARACTER SET utf8mb4 COLLATE utf8mb4_0900_as_cs DEFAULT NULL,
  `FoodERPID` int DEFAULT NULL,
  `ShowFixed` int DEFAULT '0',
  `DisplayIndex` int DEFAULT NULL,
  `IsDelete` int DEFAULT '0',
  `isMixItem` tinyint DEFAULT '0',
  `CounterId` int DEFAULT '0',
  PRIMARY KEY (`ID`)
) ENGINE=InnoDB AUTO_INCREMENT=837 DEFAULT CHARSET=utf8mb4 COLLATE=utf8mb4_0900_as_cs;
/*!40101 SET character_set_client = @saved_cs_client */;

--
-- Dumping data for table `items`
--

LOCK TABLES `items` WRITE;
/*!40000 ALTER TABLE `items` DISABLE KEYS */;
INSERT INTO `items` VALUES (1,'Mango Burfi 250 g',160,'Mango Burfi 250 g','846203000375','1',235,235,235,5,21069099,'1',1,0,3,0,0,0),(2,'Mango Burfi 500 g',160,'Mango Burfi 500 g','846203000382','1',440,440,440,5,21069099,'1',2,0,4,0,0,0),(3,'Bakarwadi Easy Carry Pack',169,'Bakarwadi Easy Carry Pack','846203001853','1',60,60,60,12,21069099,'1',3,0,4,0,0,0),(4,'Bakarwadi N-3 Pieces',169,'Bakarwadi N-3 Pieces','846203000856','1',15,15,15,12,21069099,'1',4,0,5,0,0,0),(5,'Bakarwadi 3 Pcs Tower',0,'Bakarwadi 3 Pcs Tower','846203001037','1',300,300,300,12,21069099,'1',5,0,NULL,0,0,0),(6,'Bakarwadi 250 g Tray',169,'Bakarwadi 250 g Tray','846203081923','1',110,110,110,12,21069099,'1',6,0,2,0,0,0),(7,'Bakarwadi 500 g Tray',169,'Bakarwadi 500 g Tray','846203081695','1',210,210,210,12,21069099,'1',7,0,3,0,0,0),(8,'Chitale Blueberry Baklava 250 g',0,'Chitale Blueberry Baklava 250 g','846203003116','1',500,500,500,18,19053100,'1',8,0,NULL,0,0,0),(9,'Chitale Cranberry Baklava 250 g',0,'Chitale Cranberry Baklava 250 g','846203003109','1',500,500,500,18,19053100,'1',9,0,NULL,0,0,0),(10,'Chitale Pista Baklava 250 g',0,'Chitale Pista Baklava 250 g','846203003093','1',590,590,590,18,19053100,'1',10,0,NULL,0,0,0),(11,'Banana Chips Regular Salty 150 g',172,'Banana Chips Regular Salty 150 g','846203001884','1',80,80,80,12,20089999,'1',11,0,1,0,0,0),(12,'Banana Chips Salt And Pepper 125 g',172,'Banana Chips Salt And Pepper 125 g','846203001891','1',60,60,60,12,20089999,'1',12,0,2,0,0,0),(13,'Banana Chips Spicy Masala 125 g',172,'Banana Chips Spicy Masala 125 g','846203001907','1',60,60,60,12,20089999,'1',13,0,3,0,0,0),(14,'Banana Chips Twisted Masala 125 g',172,'Banana Chips Twisted Masala 125 g','846203001914','1',60,60,60,12,20089999,'1',14,0,4,0,0,0),(15,'Assortment Binge Bar',173,'Assortment Binge Bar','846203003147','1',100,100,100,12,21069099,'1',15,0,23,0,0,0),(16,'Chitale Delight',168,'Chitale Delight','846203003154','1',100,100,100,12,21069099,'1',16,0,24,0,0,0),(17,'Bhel Bar 12 g',173,'Bhel Bar 12 g','846203001921','1',10,10,10,12,21069099,'1',17,0,19,0,0,0),(18,'Lemon Bhel Bar 12 g',173,'Lemon Bhel Bar 12 g','846203001938','1',10,10,10,12,21069099,'1',18,0,20,0,0,0),(19,'Lite Chivda Bar 16 g',173,'Lite Chivda Bar 16 g','846203001945','1',10,10,10,12,21069099,'1',19,0,21,0,0,0),(20,'Badam Burfi 250 g',160,'Badam Burfi 250 g','846203001303','1',220,220,220,5,21069099,'1',20,0,22,0,0,0),(21,'Pista Burfi 250 g',160,'Pista Burfi 250 g','846203001310','1',220,220,220,5,21069099,'1',21,0,14,0,0,0),(22,'Malai Mysore Pak 250 g',160,'Malai Mysore Pak 250 g','846203002348','1',220,220,220,5,21069099,'1',22,0,20,0,0,0),(23,'Assorted Dry Fruit Chikki Box 210 g',161,'Assorted Dry Fruit Chikki Box 210 g','846203000009','1',250,250,250,5,17021910,'1',23,0,22,0,0,0),(24,'Chikki Sesame 28 g',161,'Chikki Sesame 28 g','846203003192','1',15,15,15,5,21069099,'1',24,0,15,0,0,0),(25,'Dryfruit & Caramel Chikki 28 g',161,'Dryfruit & Caramel Chikki 28 g','846203000863','1',25,25,25,5,17021910,'1',25,0,17,0,0,0),(26,'Dryfruit & Chocolate Chikki 28 g',161,'Dryfruit & Chocolate Chikki 28 g','846203000870','1',25,25,25,5,17021910,'1',26,0,18,0,0,0),(27,'Dryfruit & Elaichi Chikki 28 g',161,'Dryfruit & Elaichi Chikki 28 g','846203000887','1',30,30,30,5,17021910,'1',27,0,19,0,0,0),(28,'Dryfruit & Gulkand Chikki 28 g',161,'Dryfruit & Gulkand Chikki 28 g','846203000894','1',25,25,25,5,17021910,'1',28,0,20,0,0,0),(29,'Dryfruit & Vanilla Chikki 28 g',161,'Dryfruit & Vanilla Chikki 28 g','846203000900','1',25,25,25,5,17021910,'1',29,0,21,0,0,0),(30,'Rajgira Bites 200 g',163,'Rajgira Bites 200 g','846203003246','1',90,90,90,5,21069099,'1',30,0,8,0,0,0),(31,'Rajgira Ladoo 200 g',163,'Rajgira Ladoo 200 g','846203001976','1',75,75,75,5,21069099,'1',31,0,9,0,0,0),(32,'Rajgira Wadi 200 g',163,'Rajgira Wadi 200 g','846203001969','1',75,75,75,5,21069099,'1',32,0,10,0,0,0),(33,'Shengdana Chikki 200 g',161,'Shengdana Chikki 200 g','846203081862','1',75,75,75,5,21069099,'1',33,0,14,0,0,0),(34,'Shengdana Crush Chikki 200 g',161,'Shengdana Crush Chikki 200 g','846203002898','1',75,75,75,5,21069099,'1',34,0,16,0,0,0),(35,'Chitale Nankhatai 200 g',163,'Chitale Nankhatai 200 g','846203003291','1',135,135,135,18,21069099,'1',35,0,1,0,0,0),(36,'Smart Cookies Peanuts- Millets 200 g',163,'Smart Cookies Peanuts- Millets 200 g','846203002867','1',130,130,130,18,19053100,'1',36,0,5,0,0,0),(37,'Smart Cookies Ragi-Bajra-Jowar 200 g',163,'Smart Cookies Ragi-Bajra-Jowar 200 g','846203002874','1',130,130,130,18,19053100,'1',37,0,2,0,0,0),(38,'Smart Cookies Seeds-Nuts-Chocolate 200 g',163,'Smart Cookies Seeds-Nuts-Chocolate 200 g','846203002881','1',160,160,160,18,19053100,'1',38,0,3,0,0,0),(39,'Gulabjam 120 g',160,'Gulabjam 120 g','846203000580','1',60,60,60,5,21069099,'1',39,0,1,0,0,0),(40,'Gulabjam 250 g',160,'Gulabjam 250 g','846203000597','1',100,100,100,5,21069099,'1',40,0,2,0,0,0),(41,'Gulabjam 500 g',160,'Gulabjam 500 g','846203000603','1',160,160,160,5,21069099,'1',41,0,15,0,0,0),(42,'Gajar Halwa 250 g',163,'Gajar Halwa 250 g','846203003222','1',145,145,145,5,21069099,'1',42,0,16,0,0,0),(43,'Moong Dal Halwa 250 g',163,'Moong Dal Halwa 250 g','846203003239','1',170,170,170,5,21069099,'1',43,0,17,0,0,0),(44,'Kaju Badam Roll 250 g',160,'Kaju Badam Roll 250 g','846203001327','1',275,275,275,5,21069099,'1',44,0,10,0,0,0),(45,'Kaju Katli 250 g',160,'Kaju Katli 250 g','846203000757','1',265,265,265,5,21069099,'1',45,0,5,0,0,0),(46,'Kaju Katli 500 g',160,'Kaju Katli 500 g','846203000764','1',500,500,500,5,21069099,'1',46,0,6,0,0,0),(47,'Kesar Kaju Katli 250 g',160,'Kesar Kaju Katli 250 g','846203001112','1',275,275,275,5,21069099,'1',47,0,7,0,0,0),(48,'Pista Kaju Katli 250 g',160,'Pista Kaju Katli 250 g','846203001280','1',275,275,275,5,21069099,'1',48,0,9,0,0,0),(49,'Rose Flavoured Katli 250 g',160,'Rose Flavoured Katli 250 g','846203001297','1',265,265,265,5,21069099,'1',49,0,8,0,0,0),(50,'Besan Ladoo 250 g',160,'Besan Ladoo 250 g','846203001358','1',140,140,140,5,21069099,'1',50,0,12,0,0,0),(51,'Dink Ladoo 250 g',160,'Dink Ladoo 250 g','846203001402','1',160,160,160,5,21069099,'1',51,0,18,0,0,0),(52,'Methi Ladoo 250 g',160,'Methi Ladoo 250 g','846203002249','1',170,170,170,5,21069099,'1',52,0,19,0,0,0),(53,'Motichoor Ladoo 250 g',160,'Motichoor Ladoo 250 g','846203001365','1',160,160,160,5,21069099,'1',53,0,13,0,0,0),(54,'Motichoor Ladoo 500 g',160,'Motichoor Ladoo 500 g','846203001525','1',240,240,240,5,21069099,'1',54,0,23,0,0,0),(55,'Nutrich Ladoo 250 g',160,'Nutrich Ladoo 250 g','846203002232','1',160,160,160,5,21069099,'1',55,0,17,0,0,0),(56,'Gulabjam 120 g M2',164,'Gulabjam 120 g M2','846203002294','1',70,70,70,5,21069099,'1',56,0,19,0,0,0),(57,'Kaju Katli 200 g M2',164,'Kaju Katli 200 g M2','846203002256','1',240,240,240,5,21069099,'1',57,0,18,0,0,0),(58,'Chocolate Soanpapdi 200 g M2',164,'Chocolate Soanpapdi 200 g M2','846203002263','1',130,130,130,5,21069099,'1',58,0,15,0,0,0),(59,'Kesar Soanpapdi 200 g M2',164,'Kesar Soanpapdi 200 g M2','846203002270','1',130,130,130,5,21069099,'1',59,0,17,0,0,0),(60,'Strawberry Flav. S P 200 g M2',164,'Strawberry Flav. S P 200 g M2','846203002287','1',130,130,130,5,21069099,'1',60,0,16,0,0,0),(61,'Amba Modak 21 Pcs',167,'Amba Modak 21 Pcs','846203001389','1',190,190,190,5,21069099,'1',61,0,6,0,0,0),(62,'Kaju Modak 21 Pcs',167,'Kaju Modak 21 Pcs','846203001372','1',200,200,200,5,21069099,'1',62,0,18,0,0,0),(63,'Mawa Modak 21 Pcs',167,'Mawa Modak 21 Pcs','846203001396','1',190,190,190,5,21069099,'1',63,0,20,0,0,0),(64,'Soanpapdi 200 g',164,'Soanpapdi 200 g','846203000399','1',130,130,130,5,21069099,'1',64,0,3,0,0,0),(65,'Soanpapdi 400 g',164,'Soanpapdi 400 g','846203000405','1',190,190,190,5,21069099,'1',65,0,4,0,0,0),(66,'Blueberry Soanpapdi 200 g',164,'Blueberry Soanpapdi 200 g','846203000498','1',145,145,145,5,21069099,'1',66,0,5,0,0,0),(67,'Blueberry Soanpapdi 400 g',164,'Blueberry Soanpapdi 400 g','846203000504','1',220,220,220,5,21069099,'1',67,0,6,0,0,0),(68,'Soan papdi Chatpata Mango Flavour 200 g',164,'Soan papdi Chatpata Mango Flavour 200 g','846203000771','1',110,110,110,5,21069099,'1',68,0,14,0,0,0),(69,'Soan Papdi Chilli Guava Flavour 200 g',164,'Soan Papdi Chilli Guava Flavour 200 g','846203000795','1',120,120,120,5,21069099,'1',69,0,11,0,0,0),(70,'Cranberry Soanpapdi 200 g',164,'Cranberry Soanpapdi 200 g','846203000474','1',135,135,135,5,21069099,'1',70,0,7,0,0,0),(71,'Cranberry Soanpapdi 400 g',164,'Cranberry Soanpapdi 400 g','846203000481','1',200,200,200,5,21069099,'1',71,0,8,0,0,0),(72,'Mango Flavoured Soanpapadi 200 g',164,'Mango Flavoured Soanpapadi 200 g','846203000931','1',130,130,130,5,21069099,'1',72,0,9,0,0,0),(73,'Mango Flavoured Soanpapadi 400 g',164,'Mango Flavoured Soanpapadi 400 g','846203000740','1',190,190,190,5,21069099,'1',73,0,10,0,0,0),(74,'Orange Flavoured Soanpapdi 200 g',164,'Orange Flavoured Soanpapdi 200 g','846203000450','1',130,130,130,5,21069099,'1',74,0,1,0,0,0),(75,'Orange Flavoured Soanpapdi 400 g',164,'Orange Flavoured Soanpapdi 400 g','846203000467','1',190,190,190,5,21069099,'1',75,0,2,0,0,0),(76,'Royal Anjeer Soanpapdi 200 g',164,'Royal Anjeer Soanpapdi 200 g','846203000832','1',145,145,145,5,21069099,'1',76,0,12,0,0,0),(77,'Soan Papdi Royal Anjeer 400 g',164,'Soan Papdi Royal Anjeer 400 g','846203000849','1',220,220,220,5,21069099,'1',77,0,13,0,0,0),(79,'Beetroot shev 150 g',173,'Beetroot shev 150 g','846203002560','1',80,80,80,12,21069099,'1',79,0,3,0,0,0),(80,'Bikaneri Shev 150 g',173,'Bikaneri Shev 150 g','846203002577','1',72,72,72,12,21069099,'1',80,0,18,0,0,0),(81,'Khatta Meetha Mixture 150 g',169,'Khatta Meetha Mixture 150 g','846203002621','1',65,65,65,12,21069099,'1',81,0,27,0,0,0),(82,'Lehsuni Shev 150 g',173,'Lehsuni Shev 150 g','846203002607','1',65,65,65,12,21069099,'1',82,0,7,0,0,0),(83,'Navratan Mix 150 g',169,'Navratan Mix 150 g','846203002652','1',70,70,70,12,21069099,'1',83,0,17,0,0,0),(84,'Tej Mixture 150 g',169,'Tej Mixture 150 g','846203002614','1',72,72,72,12,21069099,'1',84,0,26,0,0,0),(85,'Rajkot Pedha 250 g',160,'Rajkot Pedha 250 g','846203001631','1',190,190,190,5,21069099,'1',85,0,24,0,0,0),(86,'Pedha 200G',160,'Pedha 200G','846203001341','1',170,170,170,5,21069099,'1',86,0,11,0,0,0),(87,'Til Ladu 250 g',168,'Til Ladu 250 g','846203081718','1',100,100,100,5,21069099,'1',87,0,5,0,0,0),(88,'Til Ladu Kadak 250 g',168,'Til Ladu Kadak 250 g','846203002522','1',120,120,120,5,21069099,'1',88,0,6,0,0,0),(89,'Til Wadi 250 g',168,'Til Wadi 250 g','846203000054','1',120,120,120,5,21069099,'1',89,0,8,0,0,0),(90,'Til Wadi Kadak 250 g',168,'Til Wadi Kadak 250 g','846203002539','1',120,120,120,5,21069099,'1',90,0,9,0,0,0),(91,'Mini Gul Poli 95 g',161,'Mini Gul Poli 95 g','846203002508','1',80,80,80,5,21069099,'1',91,0,6,0,0,0),(92,'Mini Khoa Poli 170 g',161,'Mini Khoa Poli 170 g','846203002300','1',100,100,100,5,21069099,'1',92,0,7,0,0,0),(93,'Puran Poli 170 g (Without Ghee)- (2 Pcs)',161,'Puran Poli 170 g (Without Ghee)- (2 Pcs)','846203002058','1',80,80,80,5,21069099,'1',93,0,3,0,0,0),(94,'Puran Poli With Ghee Cup 170 g',161,'Puran Poli With Ghee Cup 170 g','846203001792','1',125,125,125,12,4059020,'1',94,0,10,0,0,0),(95,'Amba Sanja Poli 130 g',161,'Amba Sanja Poli 130 g','846203002324','1',85,85,85,5,21069099,'1',95,0,4,0,0,0),(96,'Ananas Sanja Poli 130 g',161,'Ananas Sanja Poli 130 g','846203002331','1',85,85,85,5,21069099,'1',96,0,5,0,0,0),(97,'Strawberry Sanja Poli 130 g',161,'Strawberry Sanja Poli 130 g','846203002317','1',85,85,85,5,21069099,'1',97,0,8,0,0,0),(99,'Chakli 200 g Box',169,'Chakli 200 g Box','846203002683','1',100,100,100,12,21069099,'1',99,0,10,0,0,0),(100,'Jwari Lahi Chivda 100 g',170,'Jwari Lahi Chivda 100 g','8462030018150','1',35,35,35,12,21069099,'1',100,0,11,0,0,0),(101,'Lite Chivda 200 g',170,'Lite Chivda 200 g','846203018646','1',75,75,75,12,21069099,'1',101,0,9,0,0,0),(102,'Maka Chivda 200 g',170,'Maka Chivda 200 g','846203000337','1',85,85,85,12,21069099,'1',102,0,5,0,0,0),(103,'Murmure Poha Chivda 200 g',170,'Murmure Poha Chivda 200 g','846203000108','1',75,75,75,12,21069099,'1',103,0,10,0,0,0),(104,'Patal Poha Chivda 200 g',170,'Patal Poha Chivda 200 g','846203001150','1',75,75,75,12,21069099,'1',104,0,3,0,0,0),(105,'Patal Poha Chivda 500 g',170,'Patal Poha Chivda 500 g','846203081831','1',180,180,180,12,21069099,'1',105,0,4,0,0,0),(106,'Potato Chivda 200 g',170,'Potato Chivda 200 g','846203000436','1',120,120,120,12,21069099,'1',106,0,6,0,0,0),(107,'Chakli Sticks 200 g',169,'Chakli Sticks 200 g','846203003307','1',85,85,85,12,21069099,'1',107,0,19,0,0,0),(108,'Potato Chivda 500 g',170,'Potato Chivda 500 g','846203081824','1',290,290,290,12,21069099,'1',108,0,7,0,0,0),(109,'Special Chivda 200 g',170,'Special Chivda 200 g','846203000238','1',85,85,85,12,21069099,'1',109,0,1,0,0,0),(110,'Soya Stick 200 g',169,'Soya Stick 200 g','846203001808','1',84,84,84,12,21069099,'1',110,0,28,0,0,0),(111,'Special Chivda 500 g',170,'Special Chivda 500 g','846203000252','1',210,210,210,12,21069099,'1',111,0,2,0,0,0),(112,'Tikhat Potato Chivda 200 g',170,'Tikhat Potato Chivda 200 g','846203000634','1',100,100,100,12,21069099,'1',112,0,8,0,0,0),(113,'Mung Dal 200 g',169,'Mung Dal 200 g','846203000733','1',92,92,92,12,21069099,'1',113,0,25,0,0,0),(114,'Vijapuri Poha Chivda 200 g',170,'Vijapuri Poha Chivda 200 g','846203001877','1',68,68,68,12,21069099,'1',114,0,12,0,0,0),(115,'Farsan 200 g',169,'Farsan 200 g','846203002799','1',72,72,72,12,21069099,'1',115,0,8,0,0,0),(116,'Dal Muth 200 g',169,'Dal Muth 200 g','846203000085','1',72,72,72,12,21069099,'1',116,0,24,0,0,0),(117,'Farsan 500 g',169,'Farsan 500 g','846203081756','1',175,175,175,12,21069099,'1',117,0,9,0,0,0),(118,'Kadboli 200 g (Pack)',169,'Kadboli 200 g (Pack)','846203001952','1',90,90,90,12,21069099,'1',118,0,12,0,0,0),(119,'Chana Dal 200 g',169,'Chana Dal 200 g','846203000092','1',72,72,72,12,21069099,'1',119,0,23,0,0,0),(120,'Tasty Nuts 150 g',172,'Tasty Nuts 150 g','846203003086','1',75,75,75,12,21069099,'1',120,0,5,0,0,0),(121,'Tomato Shev 200 g',173,'Tomato Shev 200 g','846203002096','1',72,72,72,12,21069099,'1',121,0,15,0,0,0),(122,'Gathi 200 g',169,'Gathi 200 g','846203001587','1',72,72,72,12,21069099,'1',122,0,29,0,0,0),(123,'Papdi 200 g',169,'Papdi 200 g','846203001594','1',72,72,72,12,21069099,'1',123,0,30,0,0,0),(124,'Tikhat Shev 200 g',173,'Tikhat Shev 200 g','846203001228','1',72,72,72,12,21069099,'1',124,0,14,0,0,0),(125,'Khari Bundi 200 g',169,'Khari Bundi 200 g','846203000726','1',72,72,72,12,21069099,'1',125,0,16,0,0,0),(126,'Shev 200 g',173,'Shev 200 g','846203000825','1',72,72,72,12,21069099,'1',126,0,13,0,0,0),(127,'Potato Shev 200 g',173,'Potato Shev 200 g','846203002003','1',75,75,75,12,21069099,'1',127,0,10,0,0,0),(128,'Chana Chaat Samosa 200 g',174,'Chana Chaat Samosa 200 g','846203002751','1',110,110,110,12,21069099,'1',128,0,23,0,0,0),(129,'Palak Shev 250 g',173,'Palak Shev 250 g','846203081800','1',90,90,90,12,21069099,'1',129,0,9,0,0,0),(130,'Masala Shev 200 g',173,'Masala Shev 200 g','846203000078','1',72,72,72,12,21069099,'1',130,0,8,0,0,0),(131,'Lasun Shev 250 g',173,'Lasun Shev 250 g','846203018578','1',90,90,90,12,21069099,'1',131,0,1,0,0,0),(132,'Bikaner Shev 250 g',173,'Bikaner Shev 250 g','846203018561','1',90,90,90,12,21069099,'1',132,0,6,0,0,0),(133,'Bhavnagri Shev 200 g',173,'Bhavnagri Shev 200 g','846203001570','1',72,72,72,12,21069099,'1',133,0,5,0,0,0),(134,'0 No Shev 200 g',173,'0 No Shev 200 g','846203000061','1',72,72,72,12,21069099,'1',134,0,2,0,0,0),(135,'Shankarpali 200 g',169,'Shankarpali 200 g','846203001259','1',68,68,68,5,21069099,'1',135,0,21,0,0,0),(136,'Burfi Mania 500 g',165,'Burfi Mania 500 g','846203001709','1',520,520,520,5,21069099,'1',136,0,15,0,0,0),(137,'Diwali Faral Pack 1200 g',165,'Diwali Faral Pack 1200 g','846203000368','1',560,560,560,12,21069099,'1',137,0,27,0,0,0),(139,'Diwali Faral Box 1250 g',165,'Diwali Faral Box 1250 g','846203002355','1',600,600,600,12,21069099,'1',139,0,28,0,0,0),(140,'Diwali Faral Pack 850 g',165,'Diwali Faral Pack 850 g','846203001440','1',470,470,470,12,21069099,'1',140,0,8,0,0,0),(141,'Legacy Pack 500 g',165,'Legacy Pack 500 g','846203003079','1',375,375,375,12,21069099,'1',141,0,11,0,0,0),(142,'Nostalgia Pack 500 g',165,'Nostalgia Pack 500 g','846203001457','1',400,400,400,12,21069099,'1',142,0,5,0,0,0),(143,'Outside The Box 420 g',165,'Outside The Box 420 g','846203002430','1',400,400,400,12,21069099,'1',143,0,26,0,0,0),(144,'Royal Carnival Pack 800 g',165,'Royal Carnival Pack 800 g','842603001464','1',680,680,680,12,21069099,'1',144,0,12,0,0,0),(145,'Royal Katli Combo 250 g',165,'Royal Katli Combo 250 g','846203002195','1',280,280,280,5,21069099,'1',145,0,4,0,0,0),(146,'Royal Katli Combo Pack 500 g',165,'Royal Katli Combo Pack 500 g','846203001716','1',550,550,550,5,21069099,'1',146,0,3,0,0,0),(147,'Special Burfi Combo 250 g',165,'Special Burfi Combo 250 g','846203002201','1',260,260,260,5,21069099,'1',147,0,1,0,0,0),(148,'Super Ecstasy Pack 550 g',165,'Super Ecstasy Pack 550 g','846203002393','1',450,450,450,12,21069099,'1',148,0,25,0,0,0),(149,'Sweet Temptation 500 g',165,'Sweet Temptation 500 g','846203001730','1',450,450,450,5,21069099,'1',149,0,2,0,0,0),(150,'Happiness Pack 1650 g',165,'Happiness Pack 1650 g','846203001471','1',1100,1100,1100,12,21069099,'1',150,0,10,0,0,0),(151,'Aloo Bhujiya 150 g',173,'Aloo Bhujiya 150 g','846203002553','1',75,75,75,12,21069099,'1',151,0,4,0,0,0),(152,'Chitale Pista Baklava 200 g',160,'Chitale Pista Baklava 200 g','846203003383','1',590,590,590,18,19053100,'1',152,0,27,0,0,0),(153,'Chitale Blueberry Baklava 200 g',160,'Chitale Blueberry Baklava 200 g','846203003406','1',500,500,500,18,19053100,'1',153,0,26,0,0,0),(154,'Chitale Cranberry Baklava 200 g',160,'Chitale Cranberry Baklava 200 g','846203003390','1',500,500,500,18,19053100,'1',154,0,25,0,0,0),(155,'Chitale Shrewsbury Cookies 200 g',163,'Chitale Shrewsbury Cookies 200 g','846203003284','1',155,155,155,18,21069099,'1',155,0,4,0,0,0),(156,'Spl Mysore Pak 33 Pcs Box',168,'Spl Mysore Pak 33 Pcs Box','846203003567','1',400,400,400,5,21069099,'1',156,0,18,0,0,0),(157,'Spl Mysore Pak 11 Pcs Box',168,'Spl Mysore Pak 11 Pcs Box','846203003550','1',135,135,135,5,21069099,'1',157,0,17,0,0,0),(158,'Mysore Pak 33 Pcs Box',168,'Mysore Pak 33 Pcs Box','846203003543','1',240,240,240,5,21069099,'1',158,0,13,0,0,0),(159,'Mysore Pak 11 Pcs Box',168,'Mysore Pak 11 Pcs Box','846203003536','1',80,80,80,5,21069099,'1',159,0,12,0,0,0),(160,'Shahi Anarase 33 Pcs',168,'Shahi Anarase 33 Pcs','846203003451','1',450,450,450,5,21069099,'1',160,0,3,0,0,0),(161,'Chitale Rasgulla 500 g Tin',146,'Chitale Rasgulla 500 g Tin','846203000573','1',130,130,130,5,21069099,'1',161,0,15,0,0,0),(162,'Bakarwadi 250 g PP',169,'Bakarwadi 250 g PP','846203003055','1',100,100,100,12,21069099,'1',162,0,6,0,0,0),(163,'Bakarwadi 500 g PP',169,'Bakarwadi 500 g PP','846203003062','1',190,190,190,12,21069099,'1',163,0,7,0,0,0),(164,'Uphar Celebrate Happiness 256 g',165,'Uphar Celebrate Happiness 256 g','846203003574','1',275,275,275,12,21069099,'1',164,0,13,0,0,0),(165,'Kadak Bundi Ladoo 200 g',163,'Kadak Bundi Ladoo 200 g','846203000000','1',75,75,75,5,21069099,'1',165,0,13,0,0,0),(166,'Soanpapdi Classic 200 g',164,'Soanpapdi Classic 200 g','846203003642','1',80,80,80,5,21069099,'1',166,0,20,0,0,0),(167,'SP Classic Mango 200 g',164,'SP Classic Mango 200 g','846203003666','1',80,80,80,5,21069099,'1',167,0,21,0,0,0),(168,'SP Classic Orange 200 g',164,'SP Classic Orange 200 g','846203003659','1',80,80,80,5,21069099,'1',168,0,22,0,0,0),(169,'Pista Modak 11 Pcs',167,'Pista Modak 11 Pcs','846203003673','1',110,110,110,5,21069099,'1',169,0,1,0,0,0),(170,'Keshar Modak 11 Pcs',167,'Keshar Modak 11 Pcs','846203003680','1',110,110,110,5,21069099,'1',170,0,21,0,0,0),(171,'Rose Flavoured Modak 11 Pcs',167,'Rose Flavoured Modak 11 Pcs','846203003697','1',110,110,110,5,21069099,'1',171,0,2,0,0,0),(172,'Mung Dal 150 g',169,'Mung Dal 150 g','846203003529','1',70,70,70,12,21069099,'1',172,0,31,0,0,0),(173,'Dal Muth 150 g',169,'Dal Muth 150 g','846203003505','1',60,60,60,12,21069099,'1',173,0,32,0,0,0),(174,'Chana Dal 150 g',169,'Chana Dal 150 g','846203003512','1',60,60,60,12,21069099,'1',174,0,33,0,0,0),(175,'Pineapple Sheera 200 g',163,'Pineapple Sheera 200 g','846203003628','1',100,100,100,5,21069099,'1',175,0,15,0,0,0),(176,'Upma 200 g',163,'Upma 200 g','846203003635','1',80,80,80,18,21069099,'1',176,0,14,0,0,0),(177,'Bakarwadi Gift Box 400 g',165,'Bakarwadi Gift Box 400 g','846203003772','1',190,190,190,12,21069099,'1',177,0,17,0,0,0),(178,'Chakli Gift Box 400 g',165,'Chakli Gift Box 400 g','846203003789','1',180,180,180,12,21069099,'1',178,0,18,0,0,0),(179,'Mysore Pak Gift Box 500 g',165,'Mysore Pak Gift Box 500 g','846203003727','1',180,180,180,18,21069099,'1',179,0,19,0,0,0),(180,'Shankarpali Gift Box 500 g',165,'Shankarpali Gift Box 500 g','846203003741','1',200,200,200,5,21069099,'1',180,0,20,0,0,0),(181,'Special Chivda Gift Box 400 g',165,'Special Chivda Gift Box 400 g','846203003758','1',200,200,200,12,21069099,'1',181,0,21,0,0,0),(182,'Tikhat Shev Gift Box 250 g',165,'Tikhat Shev Gift Box 250 g','846203003734','1',120,120,120,12,21069099,'1',182,0,22,0,0,0),(183,'Happiness Pack(Gift Box Empty B)',159,'Happiness Pack(Gift Box Empty B)','4158','1',65,65,65,18,48191010,'1',183,0,1,0,0,0),(184,'Royal Carnival Pack(Gift Box Empty M)',159,'Royal Carnival Pack(Gift Box Empty M)','4160','1',48,48,48,18,48191010,'1',184,0,2,0,0,0),(185,'Generic White Lock-Bottom Box 500g',159,'Generic White Lock-Bottom Box 500g','4163','1',10,10,10,18,48191010,'1',185,0,3,0,0,0),(186,'Secondary Carton (545*350*360)',159,'Secondary Carton (545*350*360)','11','1',48,48,48,18,48192010,'1',186,0,4,0,0,0),(187,'Shahi Motichur Ladoo 670g Gift Pack',165,'Shahi Motichur Ladoo 670g Gift Pack','846203003796','1',350,350,350,5,21069099,'1',187,0,23,0,0,0),(188,'Kadboli 300g Gift Pack',165,'Kadboli 300g Gift Pack','846203003802','1',150,150,150,5,21069099,'1',188,0,24,0,0,0),(189,'Chitale Whole Almond 200 g',150,'Chitale Whole Almond 200 g','846203002850','1',280,280,280,12,8022100,'1',189,0,13,0,0,0),(190,'Chitale Shelled Salted Pistachio 150 g',150,'Chitale Shelled Salted Pistachio 150 g','846203002843','1',310,310,310,12,8025100,'1',190,0,14,0,0,0),(191,'Chitale Golden Raisin 200 g',150,'Chitale Golden Raisin 200 g','846203002829','1',140,140,140,5,8062010,'1',191,0,15,0,0,0),(192,'Chitale Afgan Black Raisin 200 g',150,'Chitale Afgan Black Raisin 200 g','846203002836','1',180,180,180,5,8062010,'1',192,0,16,0,0,0),(196,'Mango Burfi 100 g',160,'Mango Burfi 100 g','846203003826','1',100,100,100,5,21069099,'1',196,0,21,0,0,0),(197,'Chitale Millet Upma 50 g',163,'Chitale Millet Upma 50 g','846203003475','1',65,65,65,18,21069099,'1',197,0,21,0,0,0),(198,'Millet Poha 50 g',163,'Millet Poha 50 g','846203003499','1',65,65,65,18,21069099,'1',198,0,19,0,0,0),(199,'Chitale Millet Sheera 50g',163,'Chitale Millet Sheera 50g','846203003468','1',80,80,80,18,21069099,'1',199,0,20,0,0,0),(200,'Chitale Millet Khichadi 50 g',163,'Chitale Millet Khichadi 50 g','846203003482','1',80,80,80,18,21069099,'1',200,0,18,0,0,0),(201,'Pista Bites 100 g',162,'Pista Bites 100 g','846203003352','1',140,140,140,18,18061000,'1',201,0,24,0,0,0),(202,'Cashew Bites 100 g',162,'Cashew Bites 100 g','846203003369','1',140,140,140,18,18061000,'1',202,0,23,0,0,0),(203,'Special Burfi Combo 500 g',165,'Special Burfi Combo 500 g','846203003895','1',500,500,500,5,21069099,'1',203,0,6,0,0,0),(205,'Festive Treat Pack 430 g',165,'Festive Treat Pack 430 g','846203003864','1',375,375,375,12,21069099,'1',205,0,9,0,0,0),(206,'Delights pack 1130 g',165,'Delights pack 1130 g','846203003888','1',600,600,600,12,21069099,'1',206,0,7,0,0,0),(207,'Royal Treats pack 950 g',165,'Royal Treats pack 950 g','846203003901','1',800,800,800,12,21069099,'1',207,0,14,0,0,0),(208,'Shahi Anarse 200 g Box',168,'Shahi Anarse 200 g Box','846203003970','1',180,180,180,5,21069099,'1',208,0,14,0,0,0),(209,'Kaju Katli 80 g',160,'Kaju Katli 80 g','846203003819','1',100,100,100,5,21069099,'1',209,0,16,0,0,0),(210,'Khari 150 g',172,'Khari 150 g','846203002775','1',80,80,80,18,19059020,'1',210,0,6,0,0,0),(211,'Jeera Khari 150 g',172,'Jeera Khari 150 g','846203002805','1',85,85,85,18,19059020,'1',211,0,7,0,0,0),(212,'Methi Khari 200 g',172,'Methi Khari 200 g','846203002782','1',100,100,100,18,19059020,'1',212,0,8,0,0,0),(213,'Chirote 200 g (Blue Box)',168,'Chirote 200 g (Blue Box)','846203003871','1',100,100,100,5,21069099,'1',213,0,23,0,0,0),(214,'Bakarwadi Loose',169,'Bakarwadi Loose','','2',400,400,400,5,21069099,'1',214,0,1,0,0,0),(217,'Sabudana Khichadi 150g',163,'Sabudana Khichadi 150g','846203004182','1',80,80,80,18,21069099,'1',217,0,22,0,0,0),(218,'Farali Chivda Bar 20 g',173,'Farali Chivda Bar 20 g','846203003253','1',12,12,12,12,21069099,'1',218,0,22,0,0,0),(221,'Tamarind Chutney 250 g',162,'Tamarind Chutney 250 g','','1',45,45,45,12,21039090,'1',221,0,13,0,0,0),(222,'Tamarind Chutney 100 g',162,'Tamarind Chutney 100 g','','1',20,20,20,12,21039090,'1',222,0,12,0,0,0),(223,'Tamarind Chutney 8 g',162,'Tamarind Chutney 8 g','','1',2,2,2,12,21039090,'1',223,0,14,0,0,0),(224,'Masala Flavoured Milk 200 ml',145,'Masala Flavoured Milk 200 ml','','1',30,30,30,12,22029930,'1',224,0,4,0,0,0),(225,'Rose Flavoured Milk 200 ml',145,'Rose Flavoured Milk 200 ml','','1',30,30,30,12,22029930,'1',225,0,6,0,0,0),(226,'Keshar Flavoured Milk 200 ml',145,'Keshar Flavoured Milk 200 ml','','1',30,30,30,12,22029930,'1',226,0,3,0,0,0),(227,'Butterscotch Flavoured Milk 200 ml',145,'Butterscotch Flavoured Milk 200 ml','','1',30,30,30,12,22029930,'1',227,0,1,0,0,0),(228,'Coffee Flavoured Milk 200 ml',145,'Coffee Flavoured Milk 200 ml','','1',35,35,35,12,22029930,'1',228,0,2,0,0,0),(229,'Pineapple  Flavoured Milk 200 ml',145,'Pineapple  Flavoured Milk 200 ml','','1',30,30,30,12,22029930,'1',229,0,5,0,0,0),(230,'Strawberry Flavoured Milk 200 ml',145,'Strawberry Flavoured Milk 200 ml','','1',30,30,30,12,22029930,'1',230,0,7,0,0,0),(231,'Turmeric Ginger Flavoured Milk 200ml',145,'Turmeric Ginger Flavoured Milk 200ml','','1',30,30,30,12,22029930,'1',231,0,8,0,0,0),(232,'Dosa Mix 400 g',147,'Dosa Mix 400 g','','1',105,105,105,18,21069099,'1',232,0,9,0,0,0),(233,'Gulab Jamun Mix 200 g',147,'Gulab Jamun Mix 200 g','','1',93,93,93,18,21069099,'1',233,0,11,0,0,0),(234,'Gulab Jamun Mix 400 g',147,'Gulab Jamun Mix 400 g','','1',172,172,172,18,21069099,'1',234,0,12,0,0,0),(235,'Khaman Mix 200 g',147,'Khaman Mix 200 g','','1',47,47,47,18,21069099,'1',235,0,17,0,0,0),(236,'Khaman Mix 400 g',147,'Khaman Mix 400 g','','1',90,90,90,18,21069099,'1',236,0,18,0,0,0),(237,'Idli Mix 200 g',147,'Idli Mix 200 g','','1',35,35,35,18,21069099,'1',237,0,13,0,0,0),(238,'Idli Mix 400 g',147,'Idli Mix 400 g','','1',70,70,70,18,21069099,'1',238,0,14,0,0,0),(239,'Gulab Jamun Mix 1 kg',147,'Gulab Jamun Mix 1 kg','','1',415,415,415,18,21069099,'1',239,0,10,0,0,0),(240,'Meduwada Mix 200 g',147,'Meduwada Mix 200 g','','1',70,70,70,18,21069099,'1',240,0,21,0,0,0),(241,'Basundi Mix 200 g',147,'Basundi Mix 200 g','','1',105,105,105,18,21069099,'1',241,0,7,0,0,0),(242,'Kheer Mix 200 g',147,'Kheer Mix 200 g','','1',75,75,75,18,21069099,'1',242,0,20,0,0,0),(244,'Basundi Mix 100 g',147,'Basundi Mix 100 g','','1',60,60,60,18,21069099,'1',244,0,6,0,0,0),(245,'Kheer Mix 100 g',147,'Kheer Mix 100 g','','1',45,45,45,18,21069099,'1',245,0,19,0,0,0),(246,'Meduwada Mix 400 g',147,'Meduwada Mix 400 g','','1',120,120,120,18,21069099,'1',246,0,22,0,0,0),(247,'Khaman Mix 1 kg',147,'Khaman Mix 1 kg','','1',210,210,210,18,21069099,'1',247,0,23,0,0,0),(248,'Idli Mix 1 kg',147,'Idli Mix 1 kg','','1',170,170,170,18,21069099,'1',248,0,24,0,0,0),(249,'Meduwada Mix 1 kg',147,'Meduwada Mix 1 kg','','1',325,325,325,18,21069099,'1',249,0,25,0,0,0),(250,'Jilebi Mix 1 kg',147,'Jilebi Mix 1 kg','','1',140,140,140,18,21069099,'1',250,0,26,0,0,0),(251,'Instant Sevai Kheer Mix (Vermicelli)100G',147,'Instant Sevai Kheer Mix (Vermicelli)100G','','1',65,65,65,18,21069099,'1',251,0,15,0,0,0),(252,'Instant Sevai Kheer Mix (Vermicelli)200G',147,'Instant Sevai Kheer Mix (Vermicelli)200G','','1',120,120,120,18,21069099,'1',252,0,16,0,0,0),(253,'Mix Fruit Jam 200 g',162,'Mix Fruit Jam 200 g','','1',45,45,45,12,20079990,'1',253,0,7,0,0,0),(254,'Mix Fruit Jam 100 g',162,'Mix Fruit Jam 100 g','','1',25,25,25,12,20079990,'1',254,0,22,0,0,0),(255,'Mango Jam 200 g',162,'Mango Jam 200 g','','1',45,45,45,12,20079910,'1',255,0,6,0,0,0),(256,'Mango Jam 100 g',162,'Mango Jam 100 g','','1',25,25,25,12,20079910,'1',256,0,21,0,0,0),(257,'Pineapple Jam 200 g',162,'Pineapple Jam 200 g','','1',45,45,45,12,20079930,'1',257,0,9,0,0,0),(258,'Strawberry Jam 200 g',162,'Strawberry Jam 200 g','','1',45,45,45,12,20079990,'1',258,0,11,0,0,0),(259,'Strawberry Jam 100 g',162,'Strawberry Jam 100 g','','1',25,25,25,12,20079990,'1',259,0,10,0,0,0),(260,'Pineapple Jam 100 g',162,'Pineapple Jam 100 g','','1',25,25,25,12,20079930,'1',260,0,8,0,0,0),(261,'Tomato Ketchup 400 g',162,'Tomato Ketchup 400 g','','1',70,70,70,12,21032000,'1',261,0,18,0,0,0),(262,'Tomato Ketchup 1 kg',162,'Tomato Ketchup 1 kg','','1',100,100,100,12,21032000,'1',262,0,15,0,0,0),(263,'Tomato Ketchup 500 g',162,'Tomato Ketchup 500 g','','1',60,60,60,12,21032000,'1',263,0,19,0,0,0),(264,'Tomato Ketchup 200 g',162,'Tomato Ketchup 200 g','','1',40,40,40,12,21032000,'1',264,0,17,0,0,0),(265,'Tomato Ketchup 100 g',162,'Tomato Ketchup 100 g','','1',15,15,15,12,21032000,'1',265,0,16,0,0,0),(266,'Tomato Ketchup 8 g',162,'Tomato Ketchup 8 g','','1',1,1,1,12,21032000,'1',266,0,20,0,0,0),(267,'Alpohnso Mango Pulp (Sweetened) 200 g',162,'Alpohnso Mango Pulp (Sweetened) 200 g','','1',50,50,50,12,8045040,'1',267,0,4,0,0,0),(268,'Alpohnso Mango Pulp (Sweetened) 500 g',162,'Alpohnso Mango Pulp (Sweetened) 500 g','','1',110,110,110,12,8045040,'1',268,0,5,0,0,0),(269,'Alphanso Mango Pulp 200 g',162,'Alphanso Mango Pulp 200 g','','1',70,70,70,12,8045040,'1',269,0,2,0,0,0),(270,'Alpohnso Mango Pulp (Sweetened) 1 kg',162,'Alpohnso Mango Pulp (Sweetened) 1 kg','','1',200,200,200,12,8045040,'1',270,0,3,0,0,0),(271,'Alphanso Mango Pulp 450 g',162,'Alphanso Mango Pulp 450 g','','1',150,150,150,12,8045040,'1',271,0,1,0,0,0),(272,'Guava Drink 150 ml',145,'Guava Drink 150 ml','','1',25,25,25,12,20099000,'1',272,0,22,0,0,0),(273,'Mango Drink 150 ml',145,'Mango Drink 150 ml','','1',25,25,25,12,20099000,'1',273,0,23,0,0,0),(274,'Mini Puran Poli 4 N',161,'Mini Puran Poli 4 N','846203004199','1',80,80,80,5,21069099,'1',274,0,13,0,0,0),(275,'Full Cream Shrikhand Amba 250 g',149,'Full Cream Shrikhand Amba 250 g','8906009502113','1',85,85,85,5,4039090,'1',275,0,3,0,0,0),(276,'Paneer 200 g',146,'Paneer 200 g','8906009503417','1',93,93,93,5,4069000,'1',276,0,17,0,0,0),(277,'Lassi Mango 200 ml',146,'Lassi Mango 200 ml','8906009503318','1',25,25,25,5,4039090,'1',277,0,7,0,0,0),(278,'Lassi Rose 200 ml',146,'Lassi Rose 200 ml','8906009503325','1',25,25,25,5,4039090,'1',278,0,8,0,0,0),(279,'Butter Milk 500 ml',146,'Butter Milk 500 ml','8906009503714','1',20,20,20,5,4039010,'1',279,0,10,0,0,0),(280,'Spiced Buttermilk 200 ml (Bowl)',146,'Spiced Buttermilk 200 ml (Bowl)','0','1',12,12,12,5,4039010,'1',280,0,11,0,0,0),(281,'Full Cream Shrikhand Amba 500 g',149,'Full Cream Shrikhand Amba 500 g','8906009502120','1',158,158,158,5,4039090,'1',281,0,5,0,0,0),(282,'DeliciousKhand Butterscotch 250 g',149,'DeliciousKhand Butterscotch 250 g','8906009502519','1',83,83,83,5,4039090,'1',282,0,17,0,0,0),(283,'Cow Ghee 500 ml',148,'Cow Ghee 500 ml','8906009504124','1',365,365,365,12,4059020,'1',283,0,4,0,0,0),(284,'Cow Ghee 500 ml Jar',148,'Cow Ghee 500 ml Jar','8906009504186','1',380,380,380,12,4059020,'1',284,0,5,0,0,0),(285,'Dahi Bowl 400 g',145,'Dahi Bowl 400 g','8906009503035','1',62,62,62,5,4039090,'1',285,0,12,0,0,0),(287,'Amba Burfi',154,'Amba Burfi','0','2',680,680,680,5,21069099,'1',287,0,1,0,0,0),(288,'Kaju Katli',158,'Kaju Katli','0','2',1000,1000,1000,5,21069099,'1',288,0,1,0,0,0),(289,'Kadboli 200 g',169,'Kadboli 200 g','846203001952','1',84,84,84,12,21069099,'1',289,0,13,0,0,0),(290,'Chakli 200 g',169,'Chakli 200 g','846203081732','1',75,75,75,12,21069099,'1',290,0,11,0,0,0),(291,'Chirote 200 g',163,'Chirote 200 g','0','1',72,72,72,5,21069099,'1',291,0,6,0,0,0),(292,'Budhani Potato Wafers 50 g (Small)',172,'Budhani Potato Wafers 50 g (Small)','8906159840011','1',20,20,20,12,20052000,'1',292,0,10,0,0,0),(293,'Samosa Small Loose',174,'Samosa Small Loose','0','2',320,320,320,5,21069099,'1',293,0,2,0,0,0),(294,'Dry Fruit Idli',174,'Dry Fruit Idli','0','1',22,22,22,5,21069099,'1',294,0,5,0,0,0),(295,'Surali Wadi Loose',174,'Surali Wadi Loose','0','2',300,300,300,5,21069099,'1',295,0,12,0,0,0),(296,'Alu Wadi Loose',174,'Alu Wadi Loose','0','2',260,260,260,5,21069099,'1',296,0,8,0,0,0),(297,'Matar Karanji Loose',174,'Matar Karanji Loose','0','2',300,300,300,5,21069099,'1',297,0,6,0,0,0),(298,'Shegaon Kachori Loose',174,'Shegaon Kachori Loose','0','1',16,16,16,5,21069099,'1',298,0,7,0,0,0),(299,'Jilebi',174,'Jilebi','0','2',220,220,220,5,21069099,'1',299,0,9,0,0,0),(300,'Puran poli',161,'Puran poli','8462030818796','1',55,55,55,5,21069099,'1',300,0,2,0,0,0),(301,'White Dhokla Loose',174,'White Dhokla Loose','0','2',280,280,280,5,21069099,'1',301,0,4,0,0,0),(302,'Spl. Dink Ladoo',155,'Spl. Dink Ladoo','0','2',600,600,600,5,21069099,'1',302,0,7,0,0,0),(303,'Paushtik Ladoo',155,'Paushtik Ladoo','0','2',500,500,500,5,21069099,'1',303,0,11,0,0,0),(304,'Chakka',148,'Chakka','0','2',340,340,340,5,4039090,'1',304,0,15,0,0,0),(305,'Khoya (Khawa)',147,'Khoya (Khawa)','0','2',440,440,440,5,21069099,'1',305,0,2,0,0,0),(306,'Basundi',147,'Basundi','0','2',400,400,400,5,21069099,'1',306,0,1,0,0,0),(307,'Dahi Bowl 200 g',145,'Dahi Bowl 200 g','8906009503028','1',35,35,35,5,4039090,'1',307,0,11,0,0,0),(308,'Mahim Halwa',156,'Mahim Halwa','0','2',300,300,300,5,21069099,'1',308,0,8,0,0,0),(309,'Mahim Halwa Spl.',156,'Mahim Halwa Spl.','0','2',420,420,420,5,21069099,'1',309,0,22,0,0,0),(310,'Full Cream Shrikhand Amba 1 kg',149,'Full Cream Shrikhand Amba 1 kg','8906009502137','1',290,290,290,5,4039090,'1',310,0,1,0,0,0),(311,'Full Cream Shrikhand Keshar 500 g',149,'Full Cream Shrikhand Keshar 500 g','8906009502021','1',158,158,158,5,4039090,'1',311,0,10,0,0,0),(312,'Dahi Pouch 400 g',145,'Dahi Pouch 400 g','8906009503080','1',37,37,37,5,4039090,'1',312,0,9,0,0,0),(313,'Dahi Pouch 1 kg',145,'Dahi Pouch 1 kg','8906009503042','1',86,86,86,5,4039090,'1',313,0,14,0,0,0),(314,'Sutarfeni 250 g',140,'Sutarfeni 250 g','0','1',70,70,70,5,21069099,'1',314,0,1,0,0,0),(315,'Spl. Sutarfeni',140,'Spl. Sutarfeni','0','1',80,80,80,5,21069099,'1',315,0,2,0,0,0),(316,'Full Cream Shrikhand Keshar 250 g',149,'Full Cream Shrikhand Keshar 250 g','8906009502014','1',85,85,85,5,4039090,'1',316,0,8,0,0,0),(317,'Kadak Bundi Ladoo 250 g',163,'Kadak Bundi Ladoo 250 g','0','1',90,90,90,5,21069099,'1',317,0,23,0,0,0),(318,'Khawa Poli',161,'Khawa Poli','0','1',55,55,55,5,21069099,'1',318,0,1,0,0,0),(319,'Motichoor Ladoo',155,'Motichoor Ladoo','0','2',320,320,320,5,21069099,'1',319,0,1,0,0,0),(320,'Besan Ladoo',155,'Besan Ladoo','0','2',500,500,500,5,21069099,'1',320,0,14,0,0,0),(321,'Suke Gulabjam',156,'Suke Gulabjam','0','2',360,360,360,5,21069099,'1',321,0,1,0,0,0),(322,'Amba Wadi',156,'Amba Wadi','0','2',520,520,520,5,21069099,'1',322,0,6,0,0,0),(323,'Rasgulla',146,'Rasgulla','0','1',22,22,22,5,21069099,'1',323,0,21,0,0,0),(324,'Malai Sandwich',146,'Malai Sandwich','0','1',22,22,22,5,21069099,'1',324,0,13,0,0,0),(325,'Chamcham',146,'Chamcham','0','1',22,22,22,5,21069099,'1',325,0,12,0,0,0),(326,'Sabudana Papdi Red',172,'Sabudana Papdi Red','0','1',45,45,45,12,21069099,'1',326,0,14,0,0,0),(327,'Budhani Potato Wafers 1 kg',172,'Budhani Potato Wafers 1 kg','0','1',400,400,400,12,21069099,'1',327,0,13,0,0,0),(328,'Shahi Motichur Ladoo',155,'Shahi Motichur Ladoo','0','2',520,520,520,5,21069099,'1',328,0,2,0,0,0),(329,'Potato Sticks',169,'Potato Sticks','0','2',400,400,400,12,21069099,'1',329,0,36,0,0,0),(330,'Khakara 250 g',171,'Khakara 250 g','0','1',95,95,95,12,21069099,'1',330,0,1,0,0,0),(331,'Dhokla Loose',174,'Dhokla Loose','0','2',240,240,240,5,21069099,'1',331,0,3,0,0,0),(332,'Tikhat Kachori Loose',174,'Tikhat Kachori Loose','0','2',400,400,400,5,21069099,'1',332,0,15,0,0,0),(333,'Malai Burfi',154,'Malai Burfi','0','2',680,680,680,5,21069099,'1',333,0,7,0,0,0),(334,'Mango Malai Burfi',154,'Mango Malai Burfi','0','2',680,680,680,5,21069099,'1',334,0,8,0,0,0),(335,'Shahi Balushahi',156,'Shahi Balushahi','0','2',600,600,600,5,21069099,'1',335,0,5,0,0,0),(336,'Mug Halwa',156,'Mug Halwa','0','2',520,520,520,5,21069099,'1',336,0,10,0,0,0),(337,'Rajkot Pedha',157,'Rajkot Pedha','0','2',700,700,700,5,21069099,'1',337,0,3,0,0,0),(338,'Dharwadi Pedha',157,'Dharwadi Pedha','0','2',580,580,580,5,21069099,'1',338,0,4,0,0,0),(339,'Orange Masti',158,'Orange Masti','0','2',1100,1100,1100,5,21069099,'1',339,0,17,0,0,0),(340,'Sandwich Pedha',157,'Sandwich Pedha','0','2',980,980,980,5,21069099,'1',340,0,9,0,0,0),(341,'Shengdana Ladoo 250 g',163,'Shengdana Ladoo 250 g','846203002027','1',80,80,80,5,21069099,'1',341,0,11,0,0,0),(342,'Mug Ladoo',155,'Mug Ladoo','0','2',500,500,500,5,21069099,'1',342,0,15,0,0,0),(343,'Dharwadi Pedha With Rose Petals',157,'Dharwadi Pedha With Rose Petals','0','2',600,600,600,5,21069099,'1',343,0,7,0,0,0),(344,'Sakhari Pedha',157,'Sakhari Pedha','0','2',580,580,580,5,21069099,'1',344,0,5,0,0,0),(345,'Jumbo Pedha',157,'Jumbo Pedha','0','2',720,720,720,5,21069099,'1',345,0,8,0,0,0),(346,'Kala Jamun',156,'Kala Jamun','0','2',540,540,540,5,21069099,'1',346,0,17,0,0,0),(347,'Lassi Sweetened 200 ml',146,'Lassi Sweetened 200 ml','8906009503301','1',25,25,25,5,4039090,'1',347,0,9,0,0,0),(348,'Kandi Pedha',157,'Kandi Pedha','0','2',640,640,640,5,21069099,'1',348,0,12,0,0,0),(349,'Keshar pedha',157,'Keshar pedha','0','2',640,640,640,5,21069099,'1',349,0,1,0,0,0),(350,'Kalakand',154,'Kalakand','0','2',680,680,680,5,21069099,'1',350,0,6,0,0,0),(351,'Cheese Shankarpali Loose',174,'Cheese Shankarpali Loose','0','2',380,380,380,5,21069099,'1',351,0,19,0,0,0),(352,'Anjeer Burfi',154,'Anjeer Burfi','0','2',1100,1100,1100,5,21069099,'1',352,0,9,0,0,0),(353,'Balushahi',156,'Balushahi','0','2',260,260,260,5,21069099,'1',353,0,11,0,0,0),(354,'Ghee 1000 ml',148,'Ghee 1000 ml','8906009504032','1',700,700,700,12,4059020,'1',354,0,7,0,0,0),(355,'Butter Chatpata Loose',174,'Butter Chatpata Loose','0','2',360,360,360,5,21069099,'1',355,0,21,0,0,0),(356,'Khari Shankarpali Loose',174,'Khari Shankarpali Loose','0','2',360,360,360,5,21069099,'1',356,0,18,0,0,0),(357,'Mini Chakali 200 g',169,'Mini Chakali 200 g','0','1',80,80,80,12,21069099,'1',357,0,34,0,0,0),(358,'Badam Halwa Sp.',156,'Badam Halwa Sp.','0','2',400,400,400,5,21069099,'1',358,0,20,0,0,0),(359,'Full Cream Shrikhand Badampista 500 g',149,'Full Cream Shrikhand Badampista 500 g','8906009502328','1',158,158,158,5,4039090,'1',359,0,12,0,0,0),(360,'Methi Ladoo',155,'Methi Ladoo','0','2',500,500,500,5,21069099,'1',360,0,12,0,0,0),(361,'Rajasthani Ladoo',155,'Rajasthani Ladoo','0','2',520,520,520,5,21069099,'1',361,0,13,0,0,0),(362,'Kaju Badam Burfi',158,'Kaju Badam Burfi','0','2',880,880,880,5,21069099,'1',362,0,22,0,0,0),(363,'Cheese Shankarpali 200 g',174,'Cheese Shankarpali 200 g','846203002065','1',75,75,75,12,21069099,'1',363,0,25,0,0,0),(364,'Malai Pedha',157,'Malai Pedha','0','2',720,720,720,5,21069099,'1',364,0,6,0,0,0),(365,'Pista Kaju Katli',158,'Pista Kaju Katli','0','2',1100,1100,1100,5,21069099,'1',365,0,2,0,0,0),(366,'Chocolate Walnut Fudge',154,'Chocolate Walnut Fudge','0','2',860,860,860,18,21069099,'1',366,0,10,0,0,0),(367,'Satori',156,'Satori','0','2',480,480,480,5,21069099,'1',367,0,4,0,0,0),(368,'Budhani Potato Wafers 165 g (Big)',172,'Budhani Potato Wafers 165 g (Big)','8906010450052','1',60,60,60,12,20052000,'1',368,0,11,0,0,0),(369,'Samosa Loose',174,'Samosa Loose','0','1',22,22,22,5,21069099,'1',369,0,1,0,0,0),(370,'Chana Chat Samosa Loose',174,'Chana Chat Samosa Loose','0','2',320,320,320,5,21069099,'1',370,0,14,0,0,0),(371,'Kesar Kaju Katli',158,'Kesar Kaju Katli','0','2',1100,1100,1100,5,21069099,'1',371,0,4,0,0,0),(372,'Cashew Choco Bites (Rose Flavour)',158,'Cashew Choco Bites (Rose Flavour)','0','2',1000,1000,1000,18,18061000,'1',372,0,16,0,0,0),(373,'Kaju Pista Burfi',154,'Kaju Pista Burfi','0','2',880,880,880,5,21069099,'1',373,0,3,0,0,0),(374,'Ola Naral Karanji',156,'Ola Naral Karanji','0','2',520,520,520,5,21069099,'1',374,0,3,0,0,0),(375,'Nachani Ladoo',155,'Nachani Ladoo','0','2',400,400,400,5,21069099,'1',375,0,8,0,0,0),(376,'Khawa Burfi',154,'Khawa Burfi','0','2',580,580,580,5,21069099,'1',376,0,2,0,0,0),(377,'Santra Burfi',154,'Santra Burfi','0','2',580,580,580,5,21069099,'1',377,0,4,0,0,0),(378,'Sabudana Papdi 100 g',172,'Sabudana Papdi 100 g','846203001990','1',45,45,45,12,21069099,'1',378,0,15,0,0,0),(379,'Naral Burfi',154,'Naral Burfi','0','2',420,420,420,5,21069099,'1',379,0,5,0,0,0),(380,'Shyam Nachani Ladoo',155,'Shyam Nachani Ladoo','0','2',640,640,640,5,21069099,'1',380,0,16,0,0,0),(381,'Mathari Loose',174,'Mathari Loose','0','2',360,360,360,5,21069099,'1',381,0,22,0,0,0),(382,'Rose Flavoured Kaju Katli',158,'Rose Flavoured Kaju Katli','0','2',1000,1000,1000,5,21069099,'1',382,0,3,0,0,0),(383,'Badam Mewa',154,'Badam Mewa','0','2',800,800,800,5,21069099,'1',383,0,18,0,0,0),(384,'Rasal Gulabjam',156,'Rasal Gulabjam','0','2',360,360,360,5,21069099,'1',384,0,2,0,0,0),(385,'Dink Ladoo',155,'Dink Ladoo','0','2',500,500,500,5,21069099,'1',385,0,6,0,0,0),(386,'Mohan Besan Ladoo',155,'Mohan Besan Ladoo','0','2',640,640,640,5,21069099,'1',386,0,3,0,0,0),(387,'Amba Kaju Roll',158,'Amba Kaju Roll','0','2',1100,1100,1100,5,21069099,'1',387,0,5,0,0,0),(388,'Ale Pak',156,'Ale Pak','0','2',200,200,200,5,21069099,'1',388,0,12,0,0,0),(389,'Chikku Burfi',154,'Chikku Burfi','0','2',620,620,620,5,21069099,'1',389,0,16,0,0,0),(390,'Rava Ladoo',155,'Rava Ladoo','0','2',460,460,460,5,21069099,'1',390,0,4,0,0,0),(391,'Kaju Badam Roll',158,'Kaju Badam Roll','0','2',1100,1100,1100,5,21069099,'1',391,0,6,0,0,0),(392,'Dahi Pouch 200 g',145,'Dahi Pouch 200 g','8906009503073','1',21,21,21,5,4039090,'1',392,0,15,0,0,0),(393,'Spl. Mysorepak',156,'Spl. Mysorepak','0','2',560,560,560,5,21069099,'1',393,0,15,0,0,0),(394,'Dahi Pouch 5 kg',145,'Dahi Pouch 5 kg','0','1',404,404,404,5,4039090,'1',394,0,10,0,0,0),(395,'Gulkand Kaju Roll',158,'Gulkand Kaju Roll','0','2',1100,1100,1100,5,21069099,'1',395,0,7,0,0,0),(396,'Methi Puri Loose',174,'Methi Puri Loose','0','2',360,360,360,5,21069099,'1',396,0,17,0,0,0),(397,'Pineapple Halwa',156,'Pineapple Halwa','0','2',420,420,420,5,21069099,'1',397,0,21,0,0,0),(398,'Sohan Moog Ladoo',155,'Sohan Moog Ladoo','0','2',640,640,640,5,21069099,'1',398,0,5,0,0,0),(399,'Methi Chirote 200 g',163,'Methi Chirote 200 g','0','1',70,70,70,12,21069099,'1',399,0,7,0,0,0),(400,'Skimmed Milk Powder 200 g',147,'Skimmed Milk Powder 200 g','8906009505114','1',95,95,95,5,4021010,'1',400,0,4,0,0,0),(401,'Pakatle Chirote',163,'Pakatle Chirote','0','1',72,72,72,5,21069099,'1',401,0,12,0,0,0),(402,'Pasteurised Table Butter 200 g',146,'Pasteurised Table Butter 200 g','8906009504414','1',110,110,110,12,4051000,'1',402,0,19,0,0,0),(403,'Cow Ghee 1000 ml Jar',148,'Cow Ghee 1000 ml Jar','8906009504193','1',730,730,730,12,4059020,'1',403,0,2,0,0,0),(404,'Palak Puri 200 g',174,'Palak Puri 200 g','0','1',70,70,70,12,21069099,'1',404,0,26,0,0,0),(405,'Shrikhand Wadi',156,'Shrikhand Wadi','0','2',440,440,440,5,21069099,'1',405,0,13,0,0,0),(406,'Rasmalai',146,'Rasmalai','0','2',480,480,480,5,21069099,'1',406,0,14,0,0,0),(407,'Karanji Bake',156,'Karanji Bake','0','2',460,460,460,5,21069099,'1',407,0,9,0,0,0),(408,'Alive Ladoo 200 g',140,'Alive Ladoo 200 g','846203002010','1',96,96,96,5,21069099,'1',408,0,3,0,0,0),(409,'Gharge 200 g',140,'Gharge 200 g','0','1',92,92,92,5,21069099,'1',409,0,4,0,0,0),(410,'Bundi Ladoo',155,'Bundi Ladoo','0','2',280,280,280,5,21069099,'1',410,0,10,0,0,0),(411,'Chocolate Mewa',154,'Chocolate Mewa','0','2',800,800,800,5,21069099,'1',411,0,19,0,0,0),(412,'Kothimbir Wadi',174,'Kothimbir Wadi','0','2',341,341,341,5,21069099,'1',412,0,16,0,0,0),(413,'Full Cream Shrikhand Elaichi 500 g',149,'Full Cream Shrikhand Elaichi 500 g','8906009502229','1',153,153,153,5,4039090,'1',413,0,15,0,0,0),(414,'Khajur Dry Fruit Burfi',158,'Khajur Dry Fruit Burfi','0','2',1000,1000,1000,5,21069099,'1',414,0,23,0,0,0),(415,'Spl. God Bundi',156,'Spl. God Bundi','0','2',460,460,460,5,21069099,'1',415,0,18,0,0,0),(416,'Full Cream Shrikhand Badampista 250 g',149,'Full Cream Shrikhand Badampista 250 g','8906009502311','1',85,85,85,5,4039090,'1',416,0,11,0,0,0),(417,'Cow Ghee 1000 ml',148,'Cow Ghee 1000 ml','8906009504131','1',700,700,700,12,4059020,'1',417,0,1,0,0,0),(418,'Ghee 500 ml',148,'Ghee 500 ml','8906009504025','1',365,365,365,12,4059020,'1',418,0,10,0,0,0),(419,'Ghee 1000 ml Jar',148,'Ghee 1000 ml Jar','8906009504094','1',730,730,730,12,4059020,'1',419,0,8,0,0,0),(420,'Masala Dane 100 g',172,'Masala Dane 100 g','846203001167','1',25,25,25,12,21069099,'1',420,0,9,0,0,0),(421,'Full Cream Shrikhand Elaichi 250 g',149,'Full Cream Shrikhand Elaichi 250 g','8906009502212','1',83,83,83,5,4039090,'1',421,0,14,0,0,0),(422,'Milk Mysore',156,'Milk Mysore','0','2',860,860,860,5,21069099,'1',422,0,16,0,0,0),(423,'Open Kamal',156,'Open Kamal','0','2',1300,1300,1300,5,21069099,'1',423,0,25,0,0,0),(424,'Chirote (A) 250 g Box',144,'Chirote (A) 250 g Box','0','1',250,250,250,5,21069099,'1',424,0,1,0,0,0),(425,'Budhani Potato Wafers 250 g',172,'Budhani Potato Wafers 250 g','0','1',100,100,100,12,20052000,'1',425,0,12,0,0,0),(426,'Potato Stick Cream & Onion 100 g',169,'Potato Stick Cream & Onion 100 g','846203002768','1',40,40,40,12,21069099,'1',426,0,37,0,0,0),(427,'Bhadang 200 g',169,'Bhadang 200 g','0','1',70,70,70,12,21069099,'1',427,0,14,0,0,0),(428,'Methi Shankar Pali Loose',174,'Methi Shankar Pali Loose','0','2',350,350,350,5,21069099,'1',428,0,20,0,0,0),(429,'Kaju Apple Roll',158,'Kaju Apple Roll','0','2',1100,1100,1100,5,21069099,'1',429,0,8,0,0,0),(430,'Full Cream Shrikhand Elaichi 5 kg',149,'Full Cream Shrikhand Elaichi 5 kg','0','1',1290,1290,1290,5,4039090,'1',430,0,19,0,0,0),(431,'Lavang Latika',156,'Lavang Latika','0','2',450,450,450,5,21069099,'1',431,0,26,0,0,0),(432,'Nadiyadi Farsan',169,'Nadiyadi Farsan','0','2',360,360,360,12,21069099,'1',432,0,15,0,0,0),(433,'Mysorepak',156,'Mysorepak','0','2',300,300,300,5,21069099,'1',433,0,7,0,0,0),(434,'Ghee 500 ml Jar',148,'Ghee 500 ml Jar','8906009504087','1',380,380,380,12,4059020,'1',434,0,11,0,0,0),(435,'Cashew (kaju)',150,'Cashew (kaju)','0','2',1400,1400,1400,5,8013220,'1',435,0,2,0,0,0),(436,'Nargis Roll',158,'Nargis Roll','0','2',1300,1300,1300,5,21069099,'1',436,0,9,0,0,0),(437,'Mohan Thal',154,'Mohan Thal','0','2',560,560,560,5,21069099,'1',437,0,12,0,0,0),(438,'Ghee MM 35 kg',148,'Ghee MM 35 kg','0','2',700,700,700,12,4059020,'1',438,0,14,0,0,0),(439,'Badam',150,'Badam','0','2',1400,1400,1400,12,8021100,'1',439,0,4,0,0,0),(440,'Jardalu',150,'Jardalu','0','2',1400,1400,1400,12,8131000,'1',440,0,6,0,0,0),(441,'Anjeer',150,'Anjeer','0','2',2500,2500,2500,12,8021100,'1',441,0,1,0,0,0),(442,'Khara Pista',150,'Khara Pista','0','2',1900,1900,1900,12,8021100,'1',442,0,9,0,0,0),(443,'Jilebi Special',174,'Jilebi Special','0','2',340,340,340,5,21069099,'1',443,0,10,0,0,0),(444,'Phapda Loose',174,'Phapda Loose','0','2',320,320,320,5,21069099,'1',444,0,11,0,0,0),(445,'Ghee Cow 35 kg',148,'Ghee Cow 35 kg','0','2',700,700,700,12,4059020,'1',445,0,13,0,0,0),(446,'Methi Shankarpali 200 g',174,'Methi Shankarpali 200 g','846203002072','1',70,70,70,12,21069099,'1',446,0,27,0,0,0),(447,'Anjeer Roll',158,'Anjeer Roll','0','2',1100,1100,1100,5,21069099,'1',447,0,11,0,0,0),(448,'Chat Puri 200 g',174,'Chat Puri 200 g','0','1',70,70,70,12,21069099,'1',448,0,28,0,0,0),(449,'Schezwan Puri 200 g',174,'Schezwan Puri 200 g','0','1',70,70,70,12,21069099,'1',449,0,29,0,0,0),(450,'Orange Mewa',154,'Orange Mewa','0','2',800,800,800,5,21069099,'1',450,0,20,0,0,0),(451,'Pista Choco Bites (Keshar Flavour)',158,'Pista Choco Bites (Keshar Flavour)','0','2',1000,1000,1000,18,18061000,'1',451,0,15,0,0,0),(452,'Sanja Poli',161,'Sanja Poli','0','1',45,45,45,5,21069099,'1',452,0,11,0,0,0),(453,'Full Cream Shrikhand Keshar 1 kg',149,'Full Cream Shrikhand Keshar 1 kg','8906009502038','1',290,290,290,5,4039090,'1',453,0,6,0,0,0),(454,'Dahi Bowl 80 g',145,'Dahi Bowl 80 g','8906009503097','1',12,12,12,5,4039090,'1',454,0,13,0,0,0),(455,'Full Cream Shrikhand Keshar 100 g',149,'Full Cream Shrikhand Keshar 100 g','8906009502007','1',35,35,35,5,4039090,'1',455,0,7,0,0,0),(456,'Full Cream Shrikhand Amba 100 g',149,'Full Cream Shrikhand Amba 100 g','8906009502106','1',35,35,35,5,4039090,'1',456,0,2,0,0,0),(457,'Pasteurised Table Butter 100 g',146,'Pasteurised Table Butter 100 g','8906009504407','1',57,57,57,12,4051000,'1',457,0,18,0,0,0),(458,'Full Cream Shrikhand Amba 5 kg',149,'Full Cream Shrikhand Amba 5 kg','0','1',1330,1330,1330,5,4039090,'1',458,0,4,0,0,0),(459,'Badam Halwa',156,'Badam Halwa','0','2',260,260,260,5,21069099,'1',459,0,19,0,0,0),(460,'Processed Cheese Spread 180 g',145,'Processed Cheese Spread 180 g','8906009503578','1',85,85,85,12,4063000,'1',460,0,20,0,0,0),(461,'DeliciousKhand Butterscotch 100 g',149,'DeliciousKhand Butterscotch 100 g','8906009502502','1',33,33,33,5,4039090,'1',461,0,16,0,0,0),(462,'Dry Fruit Masti Burfi',158,'Dry Fruit Masti Burfi','0','2',1300,1300,1300,5,21069099,'1',462,0,19,0,0,0),(463,'Ghee 200 ml',148,'Ghee 200 ml','8906009504018','1',154,154,154,12,4059020,'1',463,0,9,0,0,0),(464,'Guruwar Pedha',157,'Guruwar Pedha','0','2',640,640,640,5,21069099,'1',464,0,10,0,0,0),(465,'Blueberry Butterscotch Roll',158,'Blueberry Butterscotch Roll','0','2',1300,1300,1300,5,21069099,'1',465,0,10,0,0,0),(467,'Ghee Tin 15 kg',148,'Ghee Tin 15 kg','0','1',700,700,700,12,4059020,'1',467,0,12,0,0,0),(468,'Skimmed Milk Powder 100 g',147,'Skimmed Milk Powder 100 g','8906009505107','1',58,58,58,5,4021010,'1',468,0,3,0,0,0),(469,'Full Cream Shrikhand Keshar 5 kg',149,'Full Cream Shrikhand Keshar 5 kg','0','1',1330,1330,1330,5,4039090,'1',469,0,9,0,0,0),(470,'Pune Burfi',154,'Pune Burfi','0','2',640,640,640,5,21069099,'1',470,0,22,0,0,0),(471,'Processed Cheese 200 g',145,'Processed Cheese 200 g','8906009503516','1',130,130,130,12,4063000,'1',471,0,17,0,0,0),(472,'Paneer 1 kg',146,'Paneer 1 kg','8906009503431','1',425,425,425,5,4069000,'1',472,0,16,0,0,0),(473,'Processed Cheese Cubes 200 g',145,'Processed Cheese Cubes 200 g','8906009503554','1',164,164,164,12,4063000,'1',473,0,19,0,0,0),(474,'Pasteurised Table Butter 500 g',146,'Pasteurised Table Butter 500 g','8906009504421','1',275,275,275,12,4051000,'1',474,0,20,0,0,0),(475,'Cow Ghee 200 ml',148,'Cow Ghee 200 ml','8906009504117','1',150,150,150,12,4059020,'1',475,0,3,0,0,0),(476,'Pan Bahar',158,'Pan Bahar','0','2',1300,1300,1300,5,21069099,'1',476,0,14,0,0,0),(477,'Processed Cheese 400 g',145,'Processed Cheese 400 g','8906009503523','1',240,240,240,12,4063000,'1',477,0,18,0,0,0),(478,'Dry Fruit Butterscotch Ball',166,'Dry Fruit Butterscotch Ball','0','2',1300,1300,1300,5,21069099,'1',478,0,3,0,0,0),(479,'Desi Cooking Loni Cow',146,'Desi Cooking Loni Cow','0','2',612,612,612,12,4051000,'1',479,0,4,0,0,0),(480,'Processed Cheese 1 kg',145,'Processed Cheese 1 kg','8906009503530','1',390,390,390,12,4063000,'1',480,0,16,0,0,0),(481,'Mawa Modak',157,'Mawa Modak','0','2',640,640,640,5,21069099,'1',481,0,11,0,0,0),(482,'Alu Chatpata Loose',174,'Alu Chatpata Loose','0','2',420,420,420,12,21069099,'1',482,0,24,0,0,0),(483,'Fulwadi Loose',169,'Fulwadi Loose','0','2',360,360,360,5,21069099,'1',483,0,20,0,0,0),(484,'Ratlami Shev 200 g',173,'Ratlami Shev 200 g','846203002713','1',72,72,72,12,21069099,'1',484,0,11,0,0,0),(485,'Special Chivda 100 g',170,'Special Chivda 100 g','0','1',43,43,43,12,21069099,'1',485,0,13,0,0,0),(486,'Mi Mirchi 200 g',144,'Mi Mirchi 200 g','0','1',55,55,55,12,9109100,'1',486,0,2,0,0,0),(487,'Lime Sauce 400 g',144,'Lime Sauce 400 g','0','1',80,80,80,12,21039090,'1',487,0,3,0,0,0),(488,'Kairi Mirchi Chatka 200 g',144,'Kairi Mirchi Chatka 200 g','0','1',55,55,55,12,21039090,'1',488,0,4,0,0,0),(489,'Lime Sweet Pickle 200 g',144,'Lime Sweet Pickle 200 g','0','1',50,50,50,12,21039090,'1',489,0,5,0,0,0),(490,'Cow Ghee Tin 15 kg',148,'Cow Ghee Tin 15 kg','0','1',700,700,700,12,4059020,'1',490,0,6,0,0,0),(491,'Desi Cooking Loni',146,'Desi Cooking Loni','0','2',612,612,612,12,4051000,'1',491,0,3,0,0,0),(492,'Akrod',150,'Akrod','0','2',2000,2000,2000,5,8021100,'1',492,0,3,0,0,0),(493,'Bedana',150,'Bedana','0','2',1200,1200,1200,5,8021100,'1',493,0,5,0,0,0),(494,'Matki Shev 250 g',173,'Matki Shev 250 g','846203018561','1',90,90,90,12,21069099,'1',494,0,16,0,0,0),(495,'Manuke',150,'Manuke','0','2',900,900,900,5,8021100,'1',495,0,12,0,0,0),(496,'Secondary Carton (475*380*360)',159,'Secondary Carton (475*380*360)','0','1',40,40,40,12,48192010,'1',496,0,5,0,0,0),(497,'Plain Soan Papdi Loose',156,'Plain Soan Papdi Loose','0','2',600,600,600,5,21069099,'1',497,0,24,0,0,0),(498,'Puran Poli (SF)',161,'Puran Poli (SF)','0','1',70,70,70,5,21069099,'1',498,0,12,0,0,0),(499,'Anjeer Kali',166,'Anjeer Kali','0','2',1300,1300,1300,5,21069099,'1',499,0,1,0,0,0),(502,'Farsan 40 g',169,'Farsan 40 g','0','1',15,15,15,12,21069099,'1',502,0,38,0,0,0),(503,'Special Chivda 40 g',170,'Special Chivda 40 g','0','1',15,15,15,12,21069099,'1',503,0,18,0,0,0),(504,'Patal Poha Chivda 40 g',170,'Patal Poha Chivda 40 g','0','1',15,15,15,12,21069099,'1',504,0,19,0,0,0),(505,'Maka Chivda 40 g',170,'Maka Chivda 40 g','0','1',15,15,15,12,21069099,'1',505,0,20,0,0,0),(506,'Skimmed Milk Powder 1 kg',147,'Skimmed Milk Powder 1 kg','8906009505138','1',492,492,492,5,4021010,'1',506,0,5,0,0,0),(507,'Transparent Pouch 6.5\'*8.5\'',159,'Transparent Pouch 6.5\'*8.5\'','0','1',1,1,1,18,39239090,'1',507,0,6,0,0,0),(508,'Methi Khakara 250 g',171,'Methi Khakara 250 g','0','1',95,95,95,12,21069099,'1',508,0,3,0,0,0),(509,'Masala Khakara 250 g',171,'Masala Khakara 250 g','0','1',95,95,95,12,21069099,'1',509,0,2,0,0,0),(510,'Lasun Khakara 250 g',171,'Lasun Khakara 250 g','0','1',95,95,95,12,21069099,'1',510,0,4,0,0,0),(511,'Sada Masala Khakara 250 g',171,'Sada Masala Khakara 250 g','0','1',95,95,95,12,21069099,'1',511,0,5,0,0,0),(512,'Palak Khakara 250 g',171,'Palak Khakara 250 g','0','1',95,95,95,12,21069099,'1',512,0,5,0,0,0),(513,'Shahi Anarse',168,'Shahi Anarse','0','2',740,740,740,5,21069099,'1',513,0,19,0,0,0),(514,'Cooking Butter From Cow Milk 500 g',146,'Cooking Butter From Cow Milk 500 g','8906009500393','1',305,305,305,12,4051000,'1',514,0,1,0,0,0),(515,'Sadha Pedha',157,'Sadha Pedha','0','2',640,640,640,5,21069099,'1',515,0,13,0,0,0),(516,'Cooking Butter White, Unsalted 500 g',146,'Cooking Butter White, Unsalted 500 g','8906009500409','1',305,305,305,12,4051000,'1',516,0,2,0,0,0),(517,'Full Cream Shrikhand Elaichi 100 g',149,'Full Cream Shrikhand Elaichi 100 g','0','1',33,33,33,5,4039090,'1',517,0,13,0,0,0),(518,'Amba Sanja Poli',161,'Amba Sanja Poli','0','1',85,85,85,5,21069099,'1',518,0,23,0,0,0),(519,'Special Kandi Pedha (New)',157,'Special Kandi Pedha (New)','0','2',560,560,560,5,21069099,'1',519,0,2,0,0,0),(520,'Kaju Anadi',166,'Kaju Anadi','0','2',1300,1300,1300,5,21069099,'1',520,0,5,0,0,0),(521,'Patal Poha Chivda 100 g',170,'Patal Poha Chivda 100 g','0','1',38,38,38,12,21069099,'1',521,0,14,0,0,0),(522,'Potato Chivda 100 g',170,'Potato Chivda 100 g','846203000429','1',60,60,60,12,21069099,'1',522,0,16,0,0,0),(523,'Anarse',168,'Anarse','0','2',540,540,540,5,21069099,'1',523,0,15,0,0,0),(524,'ButterScotch Burfi',154,'ButterScotch Burfi','0','2',560,560,560,5,21069099,'1',524,0,11,0,0,0),(525,'Potato Chivda Loose',170,'Potato Chivda Loose','0','2',580,580,580,5,21069099,'1',525,0,21,0,0,0),(526,'Spicy Potato Chivda 100 g',170,'Spicy Potato Chivda 100 g','0','1',47,47,47,12,21069099,'1',526,0,17,0,0,0),(527,'Matar Cheese Balls',174,'Matar Cheese Balls','0','1',25,25,25,5,21069099,'1',527,0,13,0,0,0),(528,'Shahi Anarse Tukda',168,'Shahi Anarse Tukda','0','2',370,370,370,5,21069099,'1',528,0,16,0,0,0),(529,'Ghevar',158,'Ghevar','0','1',70,70,70,5,21069099,'1',529,0,21,0,0,0),(530,'Namkeen 200 g',0,'Namkeen 200 g','846203000535','1',72,72,72,12,21069099,'1',530,0,NULL,0,0,0),(532,'Mango Sandwich',158,'Mango Sandwich','0','2',640,640,640,5,21069099,'1',532,0,18,0,0,0),(533,'MANGO DRYFRUIT ROLL',158,'MANGO DRYFRUIT ROLL','0','2',740,740,740,5,21069099,'1',533,0,12,0,0,0),(534,'Farsan 100 g',169,'Farsan 100 g','0','1',36,36,36,12,21069099,'1',534,0,39,0,0,0),(535,'Maka Chivda 100 g',170,'Maka Chivda 100 g','846203000320','1',38,38,38,12,21069099,'1',535,0,15,0,0,0),(536,'Kaju Kamal',158,'Kaju Kamal','0','2',1300,1300,1300,5,21069099,'1',536,0,13,0,0,0),(537,'Tiranga Burfi',154,'Tiranga Burfi','0','2',640,640,640,5,21069099,'1',537,0,15,0,0,0),(538,'Big Modak 75 g',167,'Big Modak 75 g','0','1',55,55,55,5,21069099,'1',538,0,12,0,0,0),(539,'Aloo Bhujiya Loose',173,'Aloo Bhujiya Loose','0','2',400,400,400,5,21069099,'1',539,0,17,0,0,0),(540,'Panchya Khadya',167,'Panchya Khadya','0','2',700,700,700,5,21069099,'1',540,0,22,0,0,0),(541,'Chocolate Modak',167,'Chocolate Modak','0','2',700,700,700,5,21069099,'1',541,0,23,0,0,0),(542,'Amba Modak Loose',167,'Amba Modak Loose','0','2',680,680,680,5,21069099,'1',542,0,7,0,0,0),(543,'Empty Window Box',159,'Empty Window Box','0','1',30,30,30,18,48191010,'1',543,0,7,0,0,0),(544,'Anjeer Modak',167,'Anjeer Modak','0','2',1300,1300,1300,5,21069099,'1',544,0,8,0,0,0),(545,'Gulkand Modak',167,'Gulkand Modak','0','2',1300,1300,1300,5,21069099,'1',545,0,16,0,0,0),(546,'Keshar Badam Modak',167,'Keshar Badam Modak','0','2',1300,1300,1300,5,21069099,'1',546,0,19,0,0,0),(547,'Blueberry Modak',167,'Blueberry Modak','0','2',1300,1300,1300,5,21069099,'1',547,0,13,0,0,0),(548,'Butterscotch Modak',167,'Butterscotch Modak','0','2',1300,1300,1300,5,21069099,'1',548,0,14,0,0,0),(549,'Kaju Modak',167,'Kaju Modak','0','2',1000,1000,1000,5,21069099,'1',549,0,17,0,0,0),(550,'Big Modak 500 g',167,'Big Modak 500 g','0','1',340,340,340,5,21069099,'1',550,0,11,0,0,0),(551,'Big Modak 250 g',167,'Big Modak 250 g','0','1',170,170,170,5,21069099,'1',551,0,10,0,0,0),(552,'Big Modak 1 kg',167,'Big Modak 1 kg','0','1',680,680,680,5,21069099,'1',552,0,9,0,0,0),(553,'Suki Naral Karanji',156,'Suki Naral Karanji','0','2',520,520,520,5,21069099,'1',553,0,14,0,0,0),(554,'Silver Modak',167,'Silver Modak','0','2',1280,1280,1280,5,21069099,'1',554,0,5,0,0,0),(555,'Legacy Pack Sec. Cart',159,'Legacy Pack Sec. Cart','0','1',40,40,40,12,48191010,'1',555,0,8,0,0,0),(556,'Gold Modak',167,'Gold Modak','0','2',3680,3680,3680,5,21069099,'1',556,0,4,0,0,0),(557,'Fried Modak',167,'Fried Modak','0','2',480,480,480,5,21069099,'1',557,0,15,0,0,0),(558,'Sakhari Phutane',168,'Sakhari Phutane','0','2',140,140,140,5,21069099,'1',558,0,20,0,0,0),(559,'Shahi Chocolate Modak',167,'Shahi Chocolate Modak','0','2',1300,1300,1300,18,21069099,'1',559,0,3,0,0,0),(560,'Butterscotch Mohini',166,'Butterscotch Mohini','0','2',1300,1300,1300,5,21069099,'1',560,0,2,0,0,0),(561,'Rosted Dry Fruit Kasata',151,'Rosted Dry Fruit Kasata','0','2',1300,1300,1300,5,21069099,'1',561,0,17,0,0,0),(562,'Keshar Wati',166,'Keshar Wati','0','2',1300,1300,1300,5,21069099,'1',562,0,9,0,0,0),(563,'Badam Diamond',166,'Badam Diamond','0','2',1300,1300,1300,5,21069099,'1',563,0,8,0,0,0),(564,'Shankarpali 500 g',169,'Shankarpali 500 g','0','1',170,170,170,5,21069099,'1',564,0,22,0,0,0),(565,'Chakka 500 g',148,'Chakka 500 g','8906009503110','1',170,170,170,5,4039090,'1',565,0,17,0,0,0),(566,'Chakka 1 kg',148,'Chakka 1 kg','8906009503127','2',340,340,340,5,4039090,'1',566,0,16,0,0,0),(567,'Chakli 500 g',169,'Chakli 500 g','846203001754','1',188,188,188,12,21069099,'1',567,0,18,0,0,0),(568,'DeliciousKhand Butterscotch 500 g',149,'DeliciousKhand Butterscotch 500 g','8906009502526','1',153,153,153,5,4039090,'1',568,0,18,0,0,0),(569,'Panchratna Roll',166,'Panchratna Roll','0','2',1100,1100,1100,5,21069099,'1',569,0,7,0,0,0),(570,'Shev 250 g',173,'Shev 250 g','0','1',90,90,90,12,21069099,'1',570,0,12,0,0,0),(571,'Kaju Punch Mewa',166,'Kaju Punch Mewa','0','2',1300,1300,1300,5,21069099,'1',571,0,6,0,0,0),(572,'Happiness Pack Sec.Cart - Big Tray',159,'Happiness Pack Sec.Cart - Big Tray','0','1',125,125,125,18,48191010,'1',572,0,9,0,0,0),(573,'Happiness Pack Sec.Cart - Big Lid',159,'Happiness Pack Sec.Cart - Big Lid','0','1',1,1,1,18,48191010,'1',573,0,10,0,0,0),(574,'Coffee Mewa',154,'Coffee Mewa','0','2',800,800,800,5,21069099,'1',574,0,21,0,0,0),(575,'Pasteurised Cooking Butter 200 g (Cow)',146,'Pasteurised Cooking Butter 200 g (Cow)','8906009500416','1',125,125,125,12,4051000,'1',575,0,6,0,0,0),(576,'Chocolate Burfi',154,'Chocolate Burfi','0','2',600,600,600,5,21069099,'1',576,0,17,0,0,0),(577,'Utsav Fancy Box 500 G',168,'Utsav Fancy Box 500 G','0','1',600,600,600,5,21069099,'1',577,0,21,0,0,0),(578,'Utsav Fancy Box 1 Kg',168,'Utsav Fancy Box 1 Kg','0','1',1200,1200,1200,5,21069099,'1',578,0,22,0,0,0),(579,'Diwali Sp. Fancy Box 500 G',165,'Diwali Sp. Fancy Box 500 G','0','1',600,600,600,5,21069099,'1',579,0,16,0,0,0),(580,'Keshar Dabi 1 g',143,'Keshar Dabi 1 g','8906016820033','1',350,350,350,5,9102010,'1',580,0,16,0,0,0),(581,'Keshar Dabi 0.5 g',143,'Keshar Dabi 0.5 g','8906016820125','1',200,200,200,5,9102010,'1',581,0,17,0,0,0),(582,'Mawa Gujiya',156,'Mawa Gujiya','0','2',500,500,500,5,21069099,'1',582,0,23,0,0,0),(583,'Pasteurised Cooking Butter 200 g',146,'Pasteurised Cooking Butter 200 g','8906009500430','1',125,125,125,12,4051000,'1',583,0,5,0,0,0),(584,'Gajar Halwa',154,'Gajar Halwa','0','2',400,400,400,5,21069099,'1',584,0,13,0,0,0),(585,'Til Wadi',168,'Til Wadi','0','2',400,400,400,5,21069099,'1',585,0,7,0,0,0),(586,'Petha 250 g',144,'Petha 250 g','0','1',100,100,100,5,21069099,'1',586,0,6,0,0,0),(587,'Til Ladu',168,'Til Ladu','0','2',400,400,400,5,21069099,'1',587,0,4,0,0,0),(588,'Gul Poli 150 g (2Psc)',161,'Gul Poli 150 g (2Psc)','0','1',70,70,70,5,21069099,'1',588,0,9,0,0,0),(589,'Chakli Tukda 200 g',169,'Chakli Tukda 200 g','0','1',38,38,38,12,21069099,'1',589,0,35,0,0,0),(590,'Gul Papdi',158,'Gul Papdi','0','2',700,700,700,5,21069099,'1',590,0,20,0,0,0),(591,'Keshar Naral Burfi',168,'Keshar Naral Burfi','0','2',600,600,600,5,21069099,'1',591,0,11,0,0,0),(592,'Mamra Badam',150,'Mamra Badam','0','2',3600,3600,3600,12,8021200,'1',592,0,7,0,0,0),(593,'Sankrant Halwa',168,'Sankrant Halwa','2612212022','1',200,200,200,5,21069099,'1',593,0,2,0,0,0),(594,'Kaju Til Roll',168,'Kaju Til Roll','0','2',1300,1300,1300,5,21069099,'1',594,0,1,0,0,0),(595,'Processed Cheese Cubes 1 kg',145,'Processed Cheese Cubes 1 kg','8906009503547','1',545,545,545,12,4063000,'1',595,0,21,0,0,0),(596,'Kadak Til Wadi (Loose)',168,'Kadak Til Wadi (Loose)','0','2',420,420,420,5,21069099,'1',596,0,10,0,0,0),(597,'Maka Chivda Loose',170,'Maka Chivda Loose','0','2',410,410,410,5,21069099,'1',597,0,22,0,0,0),(598,'Packing Charges-New',159,'Packing Charges-New','0','1',1,1,1,5,21069099,'1',598,0,11,0,0,0),(599,'Kawath Burfi',154,'Kawath Burfi','0','2',400,400,400,5,21069099,'1',599,0,14,0,0,0),(611,'Chitale Mango Icecream 500 ml',152,'Chitale Mango Icecream 500 ml','8906095990009','1',395,395,395,18,21050000,'1',611,0,21,0,0,0),(612,'Chitale Red Peru Icecream 500 ml',151,'Chitale Red Peru Icecream 500 ml','8906095990023','1',360,360,360,18,21050000,'1',612,0,18,0,0,0),(613,'Chitale Chocolate Icecrem 500 ml',152,'Chitale Chocolate Icecrem 500 ml','8906095990054','1',385,385,385,18,21050000,'1',613,0,20,0,0,0),(614,'Chitale Vanilla Icecream 500 ml',151,'Chitale Vanilla Icecream 500 ml','8906095990047','1',300,300,300,18,21050000,'1',614,0,19,0,0,0),(615,'Chitale Coffee Icecream 500 ml',152,'Chitale Coffee Icecream 500 ml','8906095990146','1',360,360,360,18,21050000,'1',615,0,14,0,0,0),(616,'Chitale Cookies Icecream 500 ml',152,'Chitale Cookies Icecream 500 ml','8906095990139','1',360,360,360,18,21050000,'1',616,0,15,0,0,0),(617,'Chitale Anjeer Icecream 500 ml',152,'Chitale Anjeer Icecream 500 ml','8906095990085','1',385,385,385,18,21050000,'1',617,0,11,0,0,0),(618,'Chitale Mango Icecream 100 ml',152,'Chitale Mango Icecream 100 ml','8906095990016','1',85,85,85,18,21050000,'1',618,0,13,0,0,0),(619,'Chitale Red Peru Icecream100 ml',151,'Chitale Red Peru Icecream100 ml','8906095990030','1',75,75,75,18,21050000,'1',619,0,20,0,0,0),(620,'Chitale Chocolate Icecrem 100 ml',152,'Chitale Chocolate Icecrem 100 ml','8906095990061','1',80,80,80,18,21050000,'1',620,0,12,0,0,0),(621,'Chitale Ginger Icecream 100 ml',152,'Chitale Ginger Icecream 100 ml','8906095990108','1',65,65,65,18,21050000,'1',621,0,16,0,0,0),(622,'Chitale Vanilla Icecream 100 ml',151,'Chitale Vanilla Icecream 100 ml','8906095990160','1',60,60,60,18,21050000,'1',622,0,21,0,0,0),(623,'Chitale Anjeer Icecream 100 ml',151,'Chitale Anjeer Icecream 100 ml','8906095990078','1',80,80,80,18,21050000,'1',623,0,1,0,0,0),(624,'Chitale Cookies Icecream 100 ml',151,'Chitale Cookies Icecream 100 ml','8906095990191','1',75,75,75,18,21050000,'1',624,0,4,0,0,0),(625,'Chitale Coffee Icecream 100 ml',152,'Chitale Coffee Icecream 100 ml','8906095990153','1',75,75,75,18,21050000,'1',625,0,5,0,0,0),(626,'Chitale Strawberry Icecream 500 ml',151,'Chitale Strawberry Icecream 500 ml','8906095990245','1',385,385,385,18,21050000,'1',626,0,22,0,0,0),(627,'Chitale Strawberry Icecream 100 ml',151,'Chitale Strawberry Icecream 100 ml','8906095990238','1',80,80,80,18,21050000,'1',627,0,6,0,0,0),(628,'Chitale Tilgul Icecream 100 ml',151,'Chitale Tilgul Icecream 100 ml','8906095990214','1',70,70,70,18,21050000,'1',628,0,7,0,0,0),(629,'Chitale Mango Ice Cream Cone 120 ml',151,'Chitale Mango Ice Cream Cone 120 ml','8906095990252','1',80,80,80,18,21050000,'1',629,0,5,0,0,0),(630,'Chitale Chocolate Ice Cream Cone 120 ml',151,'Chitale Chocolate Ice Cream Cone 120 ml','8906095990269','1',80,80,80,18,21050000,'1',630,0,3,0,0,0),(631,'Chitale Keshar Pista Ice Cream 100 ml',152,'Chitale Keshar Pista Ice Cream 100 ml','8906095990450','1',80,80,80,18,21050000,'1',631,0,18,0,0,0),(632,'Chitale Gulkand Ice Cream 100 ml',152,'Chitale Gulkand Ice Cream 100 ml','8906095990443','1',75,75,75,18,21050000,'1',632,0,17,0,0,0),(633,'Chitale Gulkand Ice Cream 500 ml',151,'Chitale Gulkand Ice Cream 500 ml','8906095990498','1',360,360,360,18,21050000,'1',633,0,23,0,0,0),(634,'Chitale Keshar Pista Ice Cream 500 ml',152,'Chitale Keshar Pista Ice Cream 500 ml','8906095990511','1',385,385,385,18,21050000,'1',634,0,19,0,0,0),(635,'Butterscotch Ice Cream 500 ml',152,'Butterscotch Ice Cream 500 ml','8906095990504','1',360,360,360,18,21050000,'1',635,0,10,0,0,0),(636,'Chitale Butterscotch Ice Cream 100 ml',151,'Chitale Butterscotch Ice Cream 100 ml','8906095990467','1',75,75,75,18,21050000,'1',636,0,2,0,0,0),(637,'Chitale Ice Cream Roasted Almond 100 ml',152,'Chitale Ice Cream Roasted Almond 100 ml','8906095990535','1',70,70,70,18,21050000,'1',637,0,6,0,0,0),(638,'Chitale Mocha Almond Icecream 500 ml',151,'Chitale Mocha Almond Icecream 500 ml','8906095990542','1',320,320,320,18,21050000,'1',638,0,24,0,0,0),(639,'Double Chocolate Chip Icecream 500 ml',152,'Double Chocolate Chip Icecream 500 ml','8906095990597','1',350,350,350,18,21050000,'1',639,0,7,0,0,0),(640,'Chiku Ice Cream 500 ml',152,'Chiku Ice Cream 500 ml','8906095990603','1',350,350,350,18,21050000,'1',640,0,4,0,0,0),(641,'Paan Masala Icecream 500 ml',152,'Paan Masala Icecream 500 ml','8906095990559','1',385,385,385,18,21050000,'1',641,0,9,0,0,0),(642,'No Added Sugar Vanilla Ice Cream 500 ml',151,'No Added Sugar Vanilla Ice Cream 500 ml','8906095990566','1',350,350,350,18,21050000,'1',642,0,11,0,0,0),(643,'Coffee Walnut Ice Cream 500 ml',151,'Coffee Walnut Ice Cream 500 ml','8906095990542','1',350,350,350,18,21050000,'1',643,0,16,0,0,0),(644,'No Added Sugar Vanilla Ice Cream 100 ml',151,'No Added Sugar Vanilla Ice Cream 100 ml','8906095990573','1',80,80,80,18,21050000,'1',644,0,10,0,0,0),(645,'Chiku Ice Cream 100 ml',152,'Chiku Ice Cream 100 ml','8906095990610','1',70,70,70,18,21050000,'1',645,0,3,0,0,0),(646,'Paan Ice Cream 100 ml',152,'Paan Ice Cream 100 ml','8906095990627','1',80,80,80,18,21050000,'1',646,0,8,0,0,0),(647,'SITAFAL ICE CREAM 500 ml',152,'SITAFAL ICE CREAM 500 ml','8906095990665','1',385,385,385,18,21050000,'1',647,0,2,0,0,0),(648,'SITAFAL ICE CREAM 100 ml',152,'SITAFAL ICE CREAM 100 ml','8906095990672','1',80,80,80,18,21050000,'1',648,0,1,0,0,0),(649,'Chitale Blueberry Ice Cream 500 ml',151,'Chitale Blueberry Ice Cream 500 ml','8906095990474','1',385,385,385,18,21050000,'1',649,0,14,0,0,0),(650,'Chitale Blueberry Ice Cream 100 ml',151,'Chitale Blueberry Ice Cream 100 ml','8906095990481','1',80,80,80,18,21050000,'1',650,0,13,0,0,0),(651,'Mango Fruit Bar',140,'Mango Fruit Bar','725765229250','1',5,5,5,12,20071000,'1',651,0,5,0,0,0),(652,'Strawberry Fruit Bar',140,'Strawberry Fruit Bar','725765229274','1',5,5,5,12,20071000,'1',652,0,6,0,0,0),(653,'Pineapple Fruit Bar',140,'Pineapple Fruit Bar','735745571668','1',5,5,5,12,20071000,'1',653,0,7,0,0,0),(654,'Orange Fruit Bar',140,'Orange Fruit Bar','725765229243','1',5,5,5,12,20071000,'1',654,0,8,0,0,0),(655,'Imli Fruit Bar',140,'Imli Fruit Bar','725765229298','1',5,5,5,12,20071000,'1',655,0,9,0,0,0),(656,'Apple Fruit Bar',140,'Apple Fruit Bar','725765229267','1',5,5,5,12,20071000,'1',656,0,10,0,0,0),(657,'OTH Bhave Msala Suvasik 100 g',141,'OTH Bhave Msala Suvasik 100 g','8908017967038','1',80,80,80,18,21069099,'1',657,0,1,0,0,0),(658,'OTH Bhave Pachak 100 g',141,'OTH Bhave Pachak 100 g','8908017967052','1',70,70,70,18,21069099,'1',658,0,2,0,0,0),(659,'OTH Bhave Masala Suvasik 50 g',141,'OTH Bhave Masala Suvasik 50 g','8908017967021','1',40,40,40,18,21069099,'1',659,0,3,0,0,0),(660,'OTH Bhave Pachak 50 g',141,'OTH Bhave Pachak 50 g','8908017967045','1',35,35,35,18,21069099,'1',660,0,4,0,0,0),(661,'Bhave Tambul wida',141,'Bhave Tambul wida','8908017967069','1',40,40,40,12,21069099,'1',661,0,5,0,0,0),(662,'Butterscotch No Added Sugar 100 ml',151,'Butterscotch No Added Sugar 100 ml','8906095990641','1',80,80,80,18,21050000,'1',662,0,12,0,0,0),(663,'Chitale Pinacolada 100 ml',151,'Chitale Pinacolada 100 ml','8906095990115','1',80,80,80,18,21050000,'1',663,0,8,0,0,0),(664,'Chitale Pinacolada 500 ml',151,'Chitale Pinacolada 500 ml','8906095990122','1',385,385,385,18,21050000,'1',664,0,9,0,0,0),(665,'Chitale Vanilla Choco Twist Cone 120 ml',151,'Chitale Vanilla Choco Twist Cone 120 ml','8906095990276','1',70,70,70,18,21050000,'1',665,0,15,0,0,0),(666,'OTH Goda Masala 50 g',142,'OTH Goda Masala 50 g','8908004022009','1',55,55,55,5,9109100,'1',666,0,1,0,0,0),(667,'Kolhapuri Masala 50 gm',142,'Kolhapuri Masala 50 gm','8908004022054','1',50,50,50,5,9109100,'1',667,0,2,0,0,0),(668,'OTH Shahi Garam Masala 50 g',142,'OTH Shahi Garam Masala 50 g','8908004022153','1',130,130,130,5,9109100,'1',668,0,3,0,0,0),(669,'OTH Kanda Lasun Masala 50 g',142,'OTH Kanda Lasun Masala 50 g','8908004022252','1',40,40,40,5,9109100,'1',669,0,4,0,0,0),(670,'Malwani Masala 50 g',142,'Malwani Masala 50 g','8908004022306','1',50,50,50,5,9109100,'1',670,0,5,0,0,0),(671,'OTH Warhadi Masala 50 g',142,'OTH Warhadi Masala 50 g','8908004022351','1',50,50,50,5,9109100,'1',671,0,23,0,0,0),(672,'OTH Kolhapuri Misal Masala 50 g',142,'OTH Kolhapuri Misal Masala 50 g','8908004022375','1',50,50,50,5,9109100,'1',672,0,6,0,0,0),(673,'OTH Pavbhaji Masala 50 g',142,'OTH Pavbhaji Masala 50 g','8908004022399','1',55,55,55,5,9109100,'1',673,0,7,0,0,0),(674,'OTH Saoji Masala 50 g',142,'OTH Saoji Masala 50 g','8908004022122','1',60,60,60,5,9109100,'1',674,0,8,0,0,0),(675,'OTH Panipuri Masala 50 g',142,'OTH Panipuri Masala 50 g','8908004022382','1',45,45,45,5,9109100,'1',675,0,9,0,0,0),(676,'Chaat Masala 50 g',142,'Chaat Masala 50 g','8908004022405','1',45,45,45,5,9109100,'1',676,0,10,0,0,0),(677,'OTH Garam Masala 50 g',142,'OTH Garam Masala 50 g','8908004022634','1',80,80,80,5,9109100,'1',677,0,11,0,0,0),(678,'OTH Sabji Masala 50 g',142,'OTH Sabji Masala 50 g','8908004022412','1',50,50,50,5,9109100,'1',678,0,12,0,0,0),(679,'OTH Veg Biryani Masala 50 g',142,'OTH Veg Biryani Masala 50 g','8908004022689','1',60,60,60,5,9109100,'1',679,0,13,0,0,0),(680,'OTH Paneer Masala 50 g',142,'OTH Paneer Masala 50 g','8908004022610','1',55,55,55,5,9109100,'1',680,0,14,0,0,0),(681,'OTH Masalebhat Masala 50 g',142,'OTH Masalebhat Masala 50 g','8908004022627','1',55,55,55,5,9109100,'1',681,0,15,0,0,0),(682,'Kala Masala 50 g',142,'Kala Masala 50 g','8908004022603','1',65,65,65,5,9109100,'1',682,0,16,0,0,0),(683,'Kitchen King Masala 50 g',142,'Kitchen King Masala 50 g','8908004022696','1',60,60,60,5,9109100,'1',683,0,17,0,0,0),(684,'Chole Masala 50 g',142,'Chole Masala 50 g','8908004022702','1',55,55,55,5,9109100,'1',684,0,18,0,0,0),(685,'OTH Paneer Tikka Masala 50 g',142,'OTH Paneer Tikka Masala 50 g','8908004022795','1',50,50,50,5,9109100,'1',685,0,19,0,0,0),(686,'OTH Tava Pulav Masala 50 g',142,'OTH Tava Pulav Masala 50 g','8908004022764','1',55,55,55,5,9109100,'1',686,0,20,0,0,0),(687,'OTH Panipuri Khakhara 180 g',171,'OTH Panipuri Khakhara 180 g','8906144950138','1',75,75,75,5,21069099,'1',687,0,7,0,0,0),(688,'OTH Chatpata Mung Khakhara 180 g',171,'OTH Chatpata Mung Khakhara 180 g','8906144950091','1',75,75,75,5,21069099,'1',688,0,8,0,0,0),(689,'OTH Gavran Maratha 50 g',142,'OTH Gavran Maratha 50 g','8908004022108','1',50,50,50,5,9109100,'1',689,0,21,0,0,0),(690,'OTH Bajara Methi Khakara 180 g',171,'OTH Bajara Methi Khakara 180 g','8906144950121','1',75,75,75,5,21069099,'1',690,0,9,0,0,0),(691,'OTH Punjabi Khakara 180 g',171,'OTH Punjabi Khakara 180 g','0','1',75,75,75,5,21069099,'1',691,0,10,0,0,0),(692,'Masala Khakhara 180 g',171,'Masala Khakhara 180 g','8906144950015','1',75,75,75,5,21069099,'1',692,0,11,0,0,0),(693,'Jeera Khakhara GK',171,'Jeera Khakhara GK','8906144950022','1',75,75,75,5,21069099,'1',693,0,12,0,0,0),(694,'Garlic Khakhra 180 g',171,'Garlic Khakhra 180 g','8906144950077','1',75,75,75,5,21069099,'1',694,0,13,0,0,0),(695,'Lasniya Khakhara 180 g',171,'Lasniya Khakhara 180 g','0','1',75,75,75,5,21069099,'1',695,0,14,0,0,0),(696,'Ragi Khakhara 180 g',171,'Ragi Khakhara 180 g','8906144950084','1',75,75,75,5,21069099,'1',696,0,15,0,0,0),(697,'Methi Masala Khakhra 180 g',171,'Methi Masala Khakhra 180 g','8906144950046','1',75,75,75,5,21069099,'1',697,0,16,0,0,0),(698,'Methi Khakhra 180 g',171,'Methi Khakhra 180 g','8906144950008','1',75,75,75,5,21069099,'1',698,0,17,0,0,0),(699,'Pav bhaji Khakhara 180 g',171,'Pav bhaji Khakhara 180 g','8906144950176','1',75,75,75,5,21069099,'1',699,0,18,0,0,0),(700,'Plain Khakhara 180 g',171,'Plain Khakhara 180 g','8906144950039','1',75,75,75,5,21069099,'1',700,0,19,0,0,0),(701,'Churma Ladu',155,'Churma Ladu','0','2',560,560,560,5,21069099,'1',701,0,9,0,0,0),(702,'Yoko Coconut Powder 12 g',143,'Yoko Coconut Powder 12 g','8906082540026','1',15,15,15,5,21069099,'1',702,0,24,0,0,0),(703,'Cloth Bag',140,'Cloth Bag','0','1',10,10,10,12,42022220,'1',703,0,11,0,0,0),(704,'Cloth Bag Big',140,'Cloth Bag Big','0','1',15,15,15,12,42022220,'1',704,0,12,0,0,0),(705,'AGILITEA (Pack of 10)',140,'AGILITEA (Pack of 10)','8908015413230','1',185,185,185,5,9022090,'1',705,0,22,0,0,0),(706,'COOLINGTEA (Pack of 10)',140,'COOLINGTEA (Pack of 10)','8908015413179','1',195,195,195,5,9022090,'1',706,0,13,0,0,0),(707,'DESTRESSTEA (Pack of 10)',140,'DESTRESSTEA (Pack of 10)','8908015413209','1',195,195,195,5,9022090,'1',707,0,14,0,0,0),(708,'DETOXTEA (Pack of 10)',140,'DETOXTEA (Pack of 10)','8908015413186','1',185,185,185,5,9022090,'1',708,0,15,0,0,0),(709,'DIGESTEA (Pack of 10)',140,'DIGESTEA (Pack of 10)','8908015413193','1',195,195,195,5,9022090,'1',709,0,16,0,0,0),(710,'IMMUNITEA (Pack of 10)',140,'IMMUNITEA (Pack of 10)','8908015413247','1',185,185,185,5,9022090,'1',710,0,17,0,0,0),(711,'SENSUALITEA (Pack of 10)',140,'SENSUALITEA (Pack of 10)','8908015413162','1',240,240,240,5,9022090,'1',711,0,23,0,0,0),(712,'Lung Puritea (Pack of 10)',140,'Lung Puritea (Pack of 10)','8908015413216','1',185,185,185,5,9022090,'1',712,0,18,0,0,0),(713,'Packaged Drinking Water 500 ml',143,'Packaged Drinking Water 500 ml','896017290033','1',10,10,10,18,22011010,'1',713,0,18,0,0,0),(714,'Packaged Drinking Water 1 Ltr',143,'Packaged Drinking Water 1 Ltr','8906017290040','1',20,20,20,18,22011010,'1',714,0,19,0,0,0),(715,'Khara Badam',150,'Khara Badam','0','2',1600,1600,1600,12,8021100,'1',715,0,8,0,0,0),(716,'Pushkarni Oli Bhel 150 g',143,'Pushkarni Oli Bhel 150 g','8908022439032','1',99,99,99,12,21069099,'1',716,0,20,0,0,0),(717,'Kharik',150,'Kharik','0','2',400,400,400,12,8021100,'1',717,0,10,0,0,0),(725,'Steam Modak with saffron',143,'Steam Modak with saffron','0','1',30,30,30,5,21069099,'1',725,0,21,0,0,0),(726,'Pratik Nasle Shenga Chutney 100 g',143,'Pratik Nasle Shenga Chutney 100 g','915648359904','1',40,40,40,12,21069099,'1',726,0,22,0,0,0),(727,'Dry Fruit Orange Roll',166,'Dry Fruit Orange Roll','0','2',1200,1200,1200,5,21069099,'1',727,0,4,0,0,0),(728,'Shrubery Biscuit 200 g',163,'Shrubery Biscuit 200 g','8908001251013','1',135,135,135,18,19053100,'1',728,0,24,0,0,0),(729,'Pravin Thecha 100 g',143,'Pravin Thecha 100 g','8903241110434','1',30,30,30,12,21069099,'1',729,0,23,0,0,0),(730,'Gulkand 500 g',141,'Gulkand 500 g','8908001103060','1',170,170,170,12,21069099,'1',730,0,14,0,0,0),(731,'Potato Papad Red 100 g',140,'Potato Papad Red 100 g','1129483','1',45,45,45,5,21069099,'1',731,0,19,0,0,0),(732,'Potato Papad White 100 g',140,'Potato Papad White 100 g','1129482','1',45,45,45,5,21069099,'1',732,0,20,0,0,0),(785,'Katdare Mango Pickle 200 g',143,'Katdare Mango Pickle 200 g','8906011851735','1',60,60,60,12,20019000,'1',785,0,1,0,0,0),(786,'Katdare Sweet Lime Pickle 200 g',143,'Katdare Sweet Lime Pickle 200 g','8906011853838','1',60,60,60,12,20019000,'1',786,0,2,0,0,0),(787,'Katdare Lime Pickle 200 g',143,'Katdare Lime Pickle 200 g','8906011854217','1',60,60,60,12,20019000,'1',787,0,3,0,0,0),(788,'Katdare Metkut 100 g',143,'Katdare Metkut 100 g','0','1',50,50,50,5,9109929,'1',788,0,4,0,0,0),(789,'Katdare Karala Chutney 100 g',143,'Katdare Karala Chutney 100 g','8906011850929','1',45,45,45,5,21109099,'1',789,0,5,0,0,0),(790,'Katdare Javas Chutney 100 g',143,'Katdare Javas Chutney 100 g','8906011851124','1',45,45,45,5,21069099,'1',790,0,6,0,0,0),(791,'Katdare Lasun Chutney 100 g',143,'Katdare Lasun Chutney 100 g','8906011850721','1',50,50,50,5,21069099,'1',791,0,7,0,0,0),(792,'OTH Katdare Green Chilli Pickle 200 g',143,'OTH Katdare Green Chilli Pickle 200 g','8906011854422','1',60,60,60,12,20019000,'1',792,0,8,0,0,0),(793,'OTH Katdare Sweet Lime Crush 200 g',143,'OTH Katdare Sweet Lime Crush 200 g','8906011854606','1',60,60,60,12,20019000,'1',793,0,9,0,0,0),(794,'OTH Katdare Thalipith Bhajani 200 g',143,'OTH Katdare Thalipith Bhajani 200 g','8906011854118','1',46,46,46,5,11063090,'1',794,0,10,0,0,0),(795,'OTH Katdare Upwas Bhajani Pith 200 g',143,'OTH Katdare Upwas Bhajani Pith 200 g','8906011854132','1',58,58,58,5,21069099,'1',795,0,11,0,0,0),(796,'OTH Katdare Kadipatta Chutney 50 g',143,'OTH Katdare Kadipatta Chutney 50 g','8906011854828','1',28,28,28,5,21069099,'1',796,0,12,0,0,0),(797,'OTH Katdare Til Chutney 100 g',143,'OTH Katdare Til Chutney 100 g','8906011851025','1',60,60,60,5,21069099,'1',797,0,13,0,0,0),(798,'OTH Katdare Vadapan Chutney 50 g',143,'OTH Katdare Vadapan Chutney 50 g','8906011854811','1',26,26,26,5,21069099,'1',798,0,14,0,0,0),(799,'Katdare Thalipeeth Bhajani 500 g',143,'Katdare Thalipeeth Bhajani 500 g','8906011854125','1',115,115,115,5,11063090,'1',799,0,15,0,0,0),(800,'OTH Kajukand',141,'OTH Kajukand','8906040490011','1',80,80,80,5,8013210,'1',800,0,13,0,0,0),(801,'OTH Bhave Masala Badiship 50 g',141,'OTH Bhave Masala Badiship 50 g','8908017967007','1',30,30,30,12,21069099,'1',801,0,12,0,0,0),(802,'OTH Jeeravan Masala 50 g',142,'OTH Jeeravan Masala 50 g','8908004022276','1',45,45,45,5,9109100,'1',802,0,22,0,0,0),(803,'OTH Kokam Syrup 1 Ltr',141,'OTH Kokam Syrup 1 Ltr','0','1',180,180,180,12,21069050,'1',803,0,21,0,0,0),(804,'OTH Aaharam Foods Gulkand 200 g',141,'OTH Aaharam Foods Gulkand 200 g','0','1',125,125,125,12,21069099,'1',804,0,15,0,0,0),(805,'OTH Dabar Honey 500 g',144,'OTH Dabar Honey 500 g','0','1',199,199,199,5,17029030,'1',805,0,7,0,0,0),(806,'OTH Nasale Shenga Chutney 200 g',144,'OTH Nasale Shenga Chutney 200 g','915648359901','1',80,80,80,12,20049000,'1',806,0,12,0,0,0),(807,'OTH Nasale Shenga Chutney 400 g',144,'OTH Nasale Shenga Chutney 400 g','0','1',135,135,135,12,20049000,'1',807,0,13,0,0,0),(808,'OTH Nasale Javas Chutney 100 g',144,'OTH Nasale Javas Chutney 100 g','0','1',40,40,40,12,20049000,'1',808,0,14,0,0,0),(809,'OTH Nasale Lasun Khobra Chutney 100 g',144,'OTH Nasale Lasun Khobra Chutney 100 g','0','1',36,36,36,12,20049000,'1',809,0,15,0,0,0),(810,'OTH Periperi Khakhara 180 g',171,'OTH Periperi Khakhara 180 g','0','1',75,75,75,5,21069099,'1',810,0,20,0,0,0),(811,'OTH Bajra Khakhara 180 g',171,'OTH Bajra Khakhara 180 g','8906144950121','1',75,75,75,5,21069099,'1',811,0,21,0,0,0),(812,'OTH Kokan Foods Kokam Agal 500 ml',141,'OTH Kokan Foods Kokam Agal 500 ml','0','1',90,90,90,5,21069019,'1',812,0,20,0,0,0),(813,'OTH Saffron (Keshar) 0.5 g',144,'OTH Saffron (Keshar) 0.5 g','8908004022719','1',220,220,220,5,9109100,'1',813,0,21,0,0,0),(814,'OTH Bhave Kajur Pan 50 g',141,'OTH Bhave Kajur Pan 50 g','0','1',30,30,30,18,21069099,'1',814,0,6,0,0,0),(815,'OTH Bhave Amala Supari 50 g',141,'OTH Bhave Amala Supari 50 g','8908017967137','1',30,30,30,18,21069099,'1',815,0,7,0,0,0),(816,'OTH Bhave Masala Pan 50 g',141,'OTH Bhave Masala Pan 50 g','8908017967090','1',30,30,30,18,21069099,'1',816,0,8,0,0,0),(817,'OTH Bhave Mix Badishep 50 g',141,'OTH Bhave Mix Badishep 50 g','8908012427117','1',30,30,30,18,21069099,'1',817,0,9,0,0,0),(818,'OTH Bhave Mukhshudhi 50 g',141,'OTH Bhave Mukhshudhi 50 g','8908012427131','1',30,30,30,18,21069099,'1',818,0,10,0,0,0),(819,'OTH Bhave Masala Badiship 100 g',141,'OTH Bhave Masala Badiship 100 g','8908017967014','1',60,60,60,18,21069099,'1',819,0,11,0,0,0),(820,'OTH Sai Enterprises Kaju Kand 100 g',144,'OTH Sai Enterprises Kaju Kand 100 g','8906040490011','1',80,80,80,5,21060000,'1',820,0,20,0,0,0),(821,'OTH Madina Dates 500 g',144,'OTH Madina Dates 500 g','8906040490011','1',155,155,155,12,8041020,'1',821,0,16,0,0,0),(822,'OTH Aammi Dates 500 g',144,'OTH Aammi Dates 500 g','8908013421015','1',165,165,165,12,8041020,'1',822,0,17,0,0,0),(823,'OTH Dry Kiwi',144,'OTH Dry Kiwi','0','2',800,800,800,5,21069099,'1',823,0,18,0,0,0),(824,'OTH Green Pista',144,'OTH Green Pista','0','2',2400,2400,2400,5,8021100,'1',824,0,19,0,0,0),(825,'OTH Satmaha Multifloral Honey 200 g',144,'OTH Satmaha Multifloral Honey 200 g','8908000690035','1',145,145,145,5,4090000,'1',825,0,8,0,0,0),(826,'OTH Satmaha Multifloral Honey 500 g',144,'OTH Satmaha Multifloral Honey 500 g','8908000690028','1',300,300,300,5,4090000,'1',826,0,9,0,0,0),(827,'OTH Satmaha Gulkand 250 g',141,'OTH Satmaha Gulkand 250 g','8908000690363','1',190,190,190,12,20060000,'1',827,0,16,0,0,0),(828,'OTH Satmaha Gulkand 500 g',141,'OTH Satmaha Gulkand 500 g','8908000690356','1',330,330,330,12,20060000,'1',828,0,17,0,0,0),(829,'OTH Jowar Khakhara 180 g',171,'OTH Jowar Khakhara 180 g','0','1',75,75,75,5,90992106,'1',829,0,22,0,0,0),(830,'Kharik Powder',150,'Kharik Powder','0','2',440,440,440,5,8021100,'1',830,0,11,0,0,0),(831,'Elaichi',150,'Elaichi','0','2',2600,2600,2600,5,8021100,'1',831,0,17,0,0,0),(832,'Barve Kharwas 200 g',144,'Barve Kharwas 200 g','0','1',85,85,85,5,4049000,'1',832,0,11,0,0,0),(833,'Jambhul Honey 200 g',144,'Jambhul Honey 200 g','8908000690097','1',220,220,220,5,21069099,'1',833,0,10,0,0,0),(834,'Sweet Awala',141,'Sweet Awala','0','2',400,400,400,18,12119099,'1',834,0,18,0,0,0),(835,'Awala Syrup 500 ml',141,'Awala Syrup 500 ml','0','1',100,100,100,12,21069099,'1',835,0,19,0,0,0),(836,'Kalami Afghan Khajur',140,'Kalami Afghan Khajur','0','2',680,680,680,12,8131000,'1',836,0,21,0,0,0);
/*!40000 ALTER TABLE `items` ENABLE KEYS */;
UNLOCK TABLES;

--
-- Table structure for table `itemsubgroups`
--

DROP TABLE IF EXISTS `itemsubgroups`;
/*!40101 SET @saved_cs_client     = @@character_set_client */;
 SET character_set_client = utf8mb4 ;
CREATE TABLE `itemsubgroups` (
  `ID` int NOT NULL AUTO_INCREMENT,
  `ItemGroupID` int DEFAULT NULL,
  `Name` text CHARACTER SET utf8mb4 COLLATE utf8mb4_0900_as_cs,
  `shortname` text CHARACTER SET utf8mb4 COLLATE utf8mb4_0900_as_cs,
  `FoodERP_ID` int DEFAULT NULL,
  `DisplayIndex` int DEFAULT NULL,
  `IsActive` tinyint DEFAULT NULL,
  PRIMARY KEY (`ID`)
) ENGINE=InnoDB AUTO_INCREMENT=175 DEFAULT CHARSET=utf8mb4 COLLATE=utf8mb4_0900_as_cs;
/*!40101 SET character_set_client = @saved_cs_client */;

--
-- Dumping data for table `itemsubgroups`
--

LOCK TABLES `itemsubgroups` WRITE;
/*!40000 ALTER TABLE `itemsubgroups` DISABLE KEYS */;
INSERT INTO `itemsubgroups` VALUES (140,59,'A1','A1',NULL,1,1),(141,59,'A2','A2',NULL,2,1),(142,59,'A3','A3',NULL,3,1),(143,59,'A4','A4',NULL,4,1),(144,59,'A5','A5',NULL,5,1),(145,60,'Dairy 1','Dairy 1',NULL,3,1),(146,60,'Dairy 2','Dairy 2',NULL,4,1),(147,60,'Dairy 3 & Instant Mix','Dairy 3 & Instant Mix',NULL,5,1),(148,60,'Ghee & Chakka','Ghee & Chakka',NULL,2,1),(149,60,'Shrikhand','Shrikhand',NULL,1,1),(150,61,'Dry Fruits 1','Dry Fruits 1',NULL,3,1),(151,61,'Ice Cream','Ice Cream',NULL,1,1),(152,61,'Ice Cream 1','Ice Cream 1',NULL,2,1),(153,61,'Ice Cream 2','Ice Cream 2',NULL,4,1),(154,62,'Burfi','Burfi',NULL,2,1),(155,62,'Ladoo','Ladoo',NULL,4,1),(156,62,'Others','Others',NULL,5,1),(157,62,'Pedha','Pedha',NULL,3,1),(158,62,'Premium 1','Premium 1',NULL,1,1),(159,63,'Merchandising','Merchandising',NULL,1,1),(160,64,'Packed 1','Packed 1',NULL,2,1),(161,64,'Packed 2','Packed 2',NULL,3,1),(162,64,'Packed 3','Packed 3',NULL,4,1),(163,64,'Packed 4','Packed 4',NULL,5,1),(164,64,'Soanpapdi & Sugerfree','Soanpapdi & Sugerfree',NULL,1,1),(165,65,'Diwali','Diwali',NULL,1,1),(166,65,'Diwali Premium Mithai','Diwali Premium Mithai',NULL,4,1),(167,65,'Ganpati','Ganpati',NULL,2,1),(168,65,'Others','Others',NULL,3,1),(169,66,'Bakarwadi & Farsan','Bakarwadi & Farsan',NULL,3,1),(170,66,'Chivda','Chivda',NULL,1,1),(171,66,'Khakhra','Khakhra',NULL,5,1),(172,66,'Other','Other',NULL,5,1),(173,66,'Shev & Binge Bar','Shev & Binge Bar',NULL,2,1),(174,66,'Snacks','Snacks',NULL,4,1);
/*!40000 ALTER TABLE `itemsubgroups` ENABLE KEYS */;
UNLOCK TABLES;

--
-- Table structure for table `itemsunits`
--

DROP TABLE IF EXISTS `itemsunits`;
/*!40101 SET @saved_cs_client     = @@character_set_client */;
 SET character_set_client = utf8mb4 ;
CREATE TABLE `itemsunits` (
  `ID` int NOT NULL,
  `Name` varchar(50) DEFAULT NULL,
  `ItemID` int DEFAULT NULL,
  `ShortName` varchar(50) DEFAULT NULL,
  PRIMARY KEY (`ID`),
  KEY `ItemID` (`ItemID`)
) ENGINE=InnoDB DEFAULT CHARSET=utf8mb4 COLLATE=utf8mb4_0900_ai_ci;
/*!40101 SET character_set_client = @saved_cs_client */;

--
-- Dumping data for table `itemsunits`
--

LOCK TABLES `itemsunits` WRITE;
/*!40000 ALTER TABLE `itemsunits` DISABLE KEYS */;
/*!40000 ALTER TABLE `itemsunits` ENABLE KEYS */;
UNLOCK TABLES;

--
-- Table structure for table `pendingbills`
--

DROP TABLE IF EXISTS `pendingbills`;
/*!40101 SET @saved_cs_client     = @@character_set_client */;
 SET character_set_client = utf8mb4 ;
CREATE TABLE `pendingbills` (
  `id` int NOT NULL AUTO_INCREMENT,
  `MobileNumber` varchar(45) CHARACTER SET utf8mb4 COLLATE utf8mb4_0900_as_cs DEFAULT NULL,
  `MacID` varchar(45) CHARACTER SET utf8mb4 COLLATE utf8mb4_0900_as_cs DEFAULT NULL,
  `ItemCount` decimal(10,0) DEFAULT NULL,
  `Amount` decimal(10,0) DEFAULT NULL,
  `Date` datetime DEFAULT NULL,
  `Customer` varchar(45) CHARACTER SET utf8mb4 COLLATE utf8mb4_0900_as_cs DEFAULT NULL,
  `PaymentMode` varchar(45) COLLATE utf8mb4_0900_as_cs DEFAULT NULL,
  PRIMARY KEY (`id`)
) ENGINE=InnoDB AUTO_INCREMENT=31 DEFAULT CHARSET=utf8mb4 COLLATE=utf8mb4_0900_as_cs;
/*!40101 SET character_set_client = @saved_cs_client */;

--
-- Dumping data for table `pendingbills`
--

LOCK TABLES `pendingbills` WRITE;
/*!40000 ALTER TABLE `pendingbills` DISABLE KEYS */;
INSERT INTO `pendingbills` VALUES (27,'','EC:B1:D7:5D:4B:52',2,210,'2024-06-24 11:08:12','1','Cash'),(28,'','EC:B1:D7:5D:4B:52',2,102,'2024-06-24 11:44:35','1','Cash');
/*!40000 ALTER TABLE `pendingbills` ENABLE KEYS */;
UNLOCK TABLES;

--
-- Table structure for table `rolemaster`
--

DROP TABLE IF EXISTS `rolemaster`;
/*!40101 SET @saved_cs_client     = @@character_set_client */;
 SET character_set_client = utf8mb4 ;
CREATE TABLE `rolemaster` (
  `id` int NOT NULL AUTO_INCREMENT,
  `Name` varchar(45) COLLATE utf8mb4_0900_as_cs DEFAULT NULL,
  PRIMARY KEY (`id`)
) ENGINE=InnoDB AUTO_INCREMENT=5 DEFAULT CHARSET=utf8mb4 COLLATE=utf8mb4_0900_as_cs;
/*!40101 SET character_set_client = @saved_cs_client */;

--
-- Dumping data for table `rolemaster`
--

LOCK TABLES `rolemaster` WRITE;
/*!40000 ALTER TABLE `rolemaster` DISABLE KEYS */;
INSERT INTO `rolemaster` VALUES (1,'admin'),(2,'cashier'),(3,'counter'),(4,'zomato');
/*!40000 ALTER TABLE `rolemaster` ENABLE KEYS */;
UNLOCK TABLES;

--
-- Table structure for table `serverconnections`
--

DROP TABLE IF EXISTS `serverconnections`;
/*!40101 SET @saved_cs_client     = @@character_set_client */;
 SET character_set_client = utf8mb4 ;
CREATE TABLE `serverconnections` (
  `ID` int NOT NULL AUTO_INCREMENT,
  `IsServer` tinyint NOT NULL,
  `Host` varchar(45) CHARACTER SET utf8mb4 COLLATE utf8mb4_0900_as_cs NOT NULL,
  `User` varchar(45) CHARACTER SET utf8mb4 COLLATE utf8mb4_0900_as_cs NOT NULL,
  `Password` varchar(45) CHARACTER SET utf8mb4 COLLATE utf8mb4_0900_as_cs NOT NULL,
  `DatabaseName` varchar(45) CHARACTER SET utf8mb4 COLLATE utf8mb4_0900_as_cs NOT NULL,
  `Type` varchar(10) CHARACTER SET utf8mb4 COLLATE utf8mb4_0900_as_cs NOT NULL,
  PRIMARY KEY (`ID`)
) ENGINE=InnoDB AUTO_INCREMENT=8 DEFAULT CHARSET=utf8mb4 COLLATE=utf8mb4_0900_as_cs;
/*!40101 SET character_set_client = @saved_cs_client */;

--
-- Dumping data for table `serverconnections`
--

LOCK TABLES `serverconnections` WRITE;
/*!40000 ALTER TABLE `serverconnections` DISABLE KEYS */;
INSERT INTO `serverconnections` VALUES (6,1,'192.168.1.196','root','root','sweetpos_python','MYSQl');
/*!40000 ALTER TABLE `serverconnections` ENABLE KEYS */;
UNLOCK TABLES;

--
-- Table structure for table `todolist`
--

DROP TABLE IF EXISTS `todolist`;
/*!40101 SET @saved_cs_client     = @@character_set_client */;
 SET character_set_client = utf8mb4 ;
CREATE TABLE `todolist` (
  `id` int NOT NULL AUTO_INCREMENT,
  `name` varchar(50) NOT NULL,
  `status` varchar(50) DEFAULT NULL,
  `date_created` datetime DEFAULT CURRENT_TIMESTAMP ON UPDATE CURRENT_TIMESTAMP,
  PRIMARY KEY (`id`)
) ENGINE=InnoDB DEFAULT CHARSET=utf8mb4 COLLATE=utf8mb4_0900_ai_ci;
/*!40101 SET character_set_client = @saved_cs_client */;

--
-- Dumping data for table `todolist`
--

LOCK TABLES `todolist` WRITE;
/*!40000 ALTER TABLE `todolist` DISABLE KEYS */;
/*!40000 ALTER TABLE `todolist` ENABLE KEYS */;
UNLOCK TABLES;

--
-- Table structure for table `token_item`
--

DROP TABLE IF EXISTS `token_item`;
/*!40101 SET @saved_cs_client     = @@character_set_client */;
 SET character_set_client = utf8mb4 ;
CREATE TABLE `token_item` (
  `ID` int NOT NULL AUTO_INCREMENT,
  `Token_ID` varchar(45) CHARACTER SET utf8mb4 COLLATE utf8mb4_0900_as_cs NOT NULL,
  `ItemID` int NOT NULL,
  `Quantity` decimal(20,3) DEFAULT '0.000',
  `DiscountValue` decimal(20,3) DEFAULT '0.000',
  `DiscountType` varchar(5) CHARACTER SET utf8mb4 COLLATE utf8mb4_0900_as_cs DEFAULT '%',
  `IsMixItem` tinyint DEFAULT '0',
  `MixitemID` int DEFAULT NULL,
  `IsHidden` tinyint DEFAULT '0',
  PRIMARY KEY (`ID`)
) ENGINE=InnoDB AUTO_INCREMENT=113 DEFAULT CHARSET=utf8mb4 COLLATE=utf8mb4_0900_as_cs;
/*!40101 SET character_set_client = @saved_cs_client */;

--
-- Dumping data for table `token_item`
--

LOCK TABLES `token_item` WRITE;
/*!40000 ALTER TABLE `token_item` DISABLE KEYS */;
INSERT INTO `token_item` VALUES (41,'POS001',1962,1.000,0.000,'%',0,NULL,0),(42,'POS001',4224,1.000,0.000,'%',0,NULL,0),(43,'POS001',4354,0.500,0.000,'%',0,NULL,0),(44,'',1962,1.000,0.000,'%',0,NULL,0),(45,'',4224,1.000,0.000,'%',0,NULL,0),(46,'',4354,0.500,0.000,'%',0,NULL,0),(47,'POS001',1962,1.000,0.000,'%',0,NULL,0),(48,'POS001',4224,1.000,0.000,'%',0,NULL,0),(49,'POS001',4354,0.500,0.000,'%',0,NULL,0),(50,'POS001',1962,2.000,0.000,'%',0,NULL,0),(51,'POS001',4224,2.000,0.000,'%',0,NULL,0),(52,'POS001',4354,1.000,0.000,'%',0,NULL,0),(53,'POS001',1962,4.000,0.000,'%',0,NULL,0),(54,'POS001',4224,4.000,0.000,'%',0,NULL,0),(55,'POS001',4354,2.000,0.000,'%',0,NULL,0),(56,'',883,1.000,0.000,'%',0,NULL,NULL),(57,'',4212,1.000,0.000,'%',0,NULL,NULL),(58,'',4238,1.000,0.000,'%',0,NULL,NULL),(64,'pos003',118,1.000,0.000,'%',0,NULL,NULL),(65,'pos003',137,1.000,0.000,'%',0,NULL,NULL),(66,'pos003',1774,1.000,0.000,'%',0,NULL,NULL),(67,'',4196,1.000,0.000,'%',0,NULL,NULL),(68,'',4230,1.000,0.000,'%',0,NULL,NULL),(69,'',4224,1.000,0.000,'%',0,NULL,NULL),(70,'',4354,0.500,0.000,'%',0,NULL,NULL),(71,'pos003',118,1.000,0.000,'%',0,NULL,NULL),(72,'pos003',137,1.000,0.000,'%',0,NULL,NULL),(73,'pos003',1774,1.000,0.000,'%',0,NULL,NULL),(74,'pos003',4588,1.000,0.000,'%',0,NULL,NULL),(75,'',1294,1.000,0.000,'%',0,NULL,NULL),(76,'pos003',118,2.000,0.000,'%',0,NULL,NULL),(77,'pos003',137,2.000,0.000,'%',0,NULL,NULL),(78,'pos003',1774,2.000,0.000,'%',0,NULL,NULL),(79,'pos003',4588,1.000,0.000,'%',0,NULL,NULL),(80,'pos003',118,4.000,0.000,'%',0,NULL,NULL),(81,'pos003',137,4.000,0.000,'%',0,NULL,NULL),(82,'pos003',1774,4.000,0.000,'%',0,NULL,NULL),(83,'pos003',4588,2.000,0.000,'%',0,NULL,NULL),(84,'',1,300.000,0.000,'%',0,NULL,NULL),(85,'',883,1.000,0.000,'%',0,NULL,NULL),(86,'',4212,1.000,0.000,'%',0,NULL,NULL),(87,'',4238,1.000,0.000,'%',0,NULL,NULL),(91,'',86,0.500,0.000,'%',0,NULL,NULL),(105,'pos001',669,8.000,0.000,'%',0,NULL,NULL),(106,'pos001',4195,8.000,0.000,'%',0,NULL,NULL),(107,'pos001',118,2.000,0.000,'%',0,NULL,NULL),(108,'pos001',4224,1.000,0.000,'%',0,NULL,NULL),(109,'pos001',4354,0.750,0.000,'%',0,NULL,NULL),(110,'pos001',4212,1.000,0.000,'%',0,NULL,NULL),(111,'POS001',287,0.250,0.000,'%',0,NULL,NULL),(112,'POS001',333,0.555,0.000,'%',0,NULL,NULL);
/*!40000 ALTER TABLE `token_item` ENABLE KEYS */;
UNLOCK TABLES;

--
-- Table structure for table `users`
--

DROP TABLE IF EXISTS `users`;
/*!40101 SET @saved_cs_client     = @@character_set_client */;
 SET character_set_client = utf8mb4 ;
CREATE TABLE `users` (
  `id` int NOT NULL AUTO_INCREMENT,
  `username` varchar(255) CHARACTER SET utf8mb4 COLLATE utf8mb4_0900_as_cs DEFAULT NULL,
  `password` varchar(255) CHARACTER SET utf8mb4 COLLATE utf8mb4_0900_as_cs DEFAULT NULL,
  `userRole` varchar(45) CHARACTER SET utf8mb4 COLLATE utf8mb4_0900_as_cs DEFAULT NULL,
  PRIMARY KEY (`id`)
) ENGINE=InnoDB AUTO_INCREMENT=20 DEFAULT CHARSET=utf8mb4 COLLATE=utf8mb4_0900_as_cs;
/*!40101 SET character_set_client = @saved_cs_client */;

--
-- Dumping data for table `users`
--

LOCK TABLES `users` WRITE;
/*!40000 ALTER TABLE `users` DISABLE KEYS */;
INSERT INTO `users` VALUES (2,'cashier','123','2'),(13,'counter','123','3'),(16,'Zomato','123','4'),(19,'11','11','1');
/*!40000 ALTER TABLE `users` ENABLE KEYS */;
UNLOCK TABLES;

--
-- Dumping events for database 'sweetpos_python'
--

--
-- Dumping routines for database 'sweetpos_python'
--
/*!40103 SET TIME_ZONE=@OLD_TIME_ZONE */;

/*!40101 SET SQL_MODE=@OLD_SQL_MODE */;
/*!40014 SET FOREIGN_KEY_CHECKS=@OLD_FOREIGN_KEY_CHECKS */;
/*!40014 SET UNIQUE_CHECKS=@OLD_UNIQUE_CHECKS */;
/*!40101 SET CHARACTER_SET_CLIENT=@OLD_CHARACTER_SET_CLIENT */;
/*!40101 SET CHARACTER_SET_RESULTS=@OLD_CHARACTER_SET_RESULTS */;
/*!40101 SET COLLATION_CONNECTION=@OLD_COLLATION_CONNECTION */;
/*!40111 SET SQL_NOTES=@OLD_SQL_NOTES */;

-- Dump completed on 2024-06-29 14:06:08
