CREATE DATABASE  IF NOT EXISTS `sweetpos_python` /*!40100 DEFAULT CHARACTER SET utf8mb4 COLLATE utf8mb4_0900_as_cs */ /*!80016 DEFAULT ENCRYPTION='N' */;
USE `sweetpos_python`;
-- MySQL dump 10.13  Distrib 8.0.13, for Win64 (x86_64)
--
-- Host: localhost    Database: sweetpos_python
-- ------------------------------------------------------
-- Server version	8.0.37

/*!40101 SET @OLD_CHARACTER_SET_CLIENT=@@CHARACTER_SET_CLIENT */;
/*!40101 SET @OLD_CHARACTER_SET_RESULTS=@@CHARACTER_SET_RESULTS */;
/*!40101 SET @OLD_COLLATION_CONNECTION=@@COLLATION_CONNECTION */;
 SET NAMES utf8 ;
/*!40103 SET @OLD_TIME_ZONE=@@TIME_ZONE */;
/*!40103 SET TIME_ZONE='+00:00' */;
/*!40014 SET @OLD_UNIQUE_CHECKS=@@UNIQUE_CHECKS, UNIQUE_CHECKS=0 */;
/*!40014 SET @OLD_FOREIGN_KEY_CHECKS=@@FOREIGN_KEY_CHECKS, FOREIGN_KEY_CHECKS=0 */;
/*!40101 SET @OLD_SQL_MODE=@@SQL_MODE, SQL_MODE='NO_AUTO_VALUE_ON_ZERO' */;
/*!40111 SET @OLD_SQL_NOTES=@@SQL_NOTES, SQL_NOTES=0 */;

--
-- Table structure for table `bill_items`
--

DROP TABLE IF EXISTS `bill_items`;
/*!40101 SET @saved_cs_client     = @@character_set_client */;
 SET character_set_client = utf8mb4 ;
CREATE TABLE `bill_items` (
  `id` int NOT NULL AUTO_INCREMENT,
  `item_id` int DEFAULT NULL,
  `item_name` varchar(255) CHARACTER SET utf8mb4 COLLATE utf8mb4_0900_as_cs DEFAULT NULL,
  `unit` varchar(50) CHARACTER SET utf8mb4 COLLATE utf8mb4_0900_as_cs DEFAULT NULL,
  `rate` decimal(10,2) DEFAULT NULL,
  `gst_percentage` decimal(5,2) DEFAULT NULL,
  `item_MRP` decimal(10,2) DEFAULT NULL,
  `HSNCode` varchar(20) CHARACTER SET utf8mb4 COLLATE utf8mb4_0900_as_cs DEFAULT NULL,
  `barcode` varchar(50) CHARACTER SET utf8mb4 COLLATE utf8mb4_0900_as_cs DEFAULT NULL,
  `quantity` int DEFAULT NULL,
  `Amount` decimal(10,2) DEFAULT NULL,
  `BillCode` varchar(50) CHARACTER SET utf8mb4 COLLATE utf8mb4_0900_as_cs DEFAULT NULL,
  `created_at` timestamp NULL DEFAULT CURRENT_TIMESTAMP,
  `updated_at` timestamp NULL DEFAULT CURRENT_TIMESTAMP ON UPDATE CURRENT_TIMESTAMP,
  PRIMARY KEY (`id`)
) ENGINE=InnoDB AUTO_INCREMENT=2 DEFAULT CHARSET=utf8mb4 COLLATE=utf8mb4_0900_as_cs;
/*!40101 SET character_set_client = @saved_cs_client */;

--
-- Dumping data for table `bill_items`
--

LOCK TABLES `bill_items` WRITE;
/*!40000 ALTER TABLE `bill_items` DISABLE KEYS */;
/*!40000 ALTER TABLE `bill_items` ENABLE KEYS */;
UNLOCK TABLES;

--
-- Table structure for table `defaultquantitys`
--

DROP TABLE IF EXISTS `defaultquantitys`;
/*!40101 SET @saved_cs_client     = @@character_set_client */;
 SET character_set_client = utf8mb4 ;
CREATE TABLE `defaultquantitys` (
  `ID` int NOT NULL AUTO_INCREMENT,
  `Name` varchar(255) CHARACTER SET utf8mb4 COLLATE utf8mb4_0900_as_cs DEFAULT NULL,
  `ItemID` int DEFAULT NULL,
  `ShortName` varchar(50) CHARACTER SET utf8mb4 COLLATE utf8mb4_0900_as_cs DEFAULT NULL,
  `value` varchar(45) CHARACTER SET utf8mb4 COLLATE utf8mb4_0900_as_cs DEFAULT NULL,
  `displayColor` varchar(45) CHARACTER SET utf8mb4 COLLATE utf8mb4_0900_as_cs DEFAULT 'black,whitesmoke',
  `defaultquantityscol` varchar(45) CHARACTER SET utf8mb4 COLLATE utf8mb4_0900_as_cs DEFAULT NULL,
  PRIMARY KEY (`ID`)
) ENGINE=InnoDB AUTO_INCREMENT=21 DEFAULT CHARSET=utf8mb4 COLLATE=utf8mb4_0900_as_cs;
/*!40101 SET character_set_client = @saved_cs_client */;

--
-- Dumping data for table `defaultquantitys`
--

LOCK TABLES `defaultquantitys` WRITE;
/*!40000 ALTER TABLE `defaultquantitys` DISABLE KEYS */;
INSERT INTO `defaultquantitys` VALUES (9,'1kg',NULL,'1kg','1','#A6D7A8,BLACK',NULL),(10,'2kg',NULL,'2kg','2',NULL,NULL),(11,'3kg',NULL,'3kg','3',NULL,NULL),(12,'750gm',NULL,'750gm','0.750',NULL,NULL),(13,'500gm',NULL,'500gm','0.500','#A6D7A8,BLACK',NULL),(14,'250gm',NULL,'250gm','0.250','#A6D7A8,BLACK',NULL),(15,'200gm',NULL,'200gm','0.200',NULL,NULL),(16,'100gm',NULL,'100gm','0.100',NULL,NULL),(17,'50gm',NULL,'50gm','0.050',NULL,NULL),(18,'125gm',NULL,'0.125gm','0.125','white,black',NULL),(19,'300gm',NULL,'0.300gm','0300','white,black',NULL),(20,'400gm',NULL,'0.400gm','0.400','white,black',NULL);
/*!40000 ALTER TABLE `defaultquantitys` ENABLE KEYS */;
UNLOCK TABLES;

--
-- Table structure for table `info`
--

DROP TABLE IF EXISTS `info`;
/*!40101 SET @saved_cs_client     = @@character_set_client */;
 SET character_set_client = utf8mb4 ;
CREATE TABLE `info` (
  `id` int NOT NULL,
  `Name` varchar(45) DEFAULT NULL,
  `value` varchar(2000) DEFAULT NULL,
  PRIMARY KEY (`id`)
) ENGINE=InnoDB DEFAULT CHARSET=utf8mb4 COLLATE=utf8mb4_0900_ai_ci;
/*!40101 SET character_set_client = @saved_cs_client */;

--
-- Dumping data for table `info`
--

LOCK TABLES `info` WRITE;
/*!40000 ALTER TABLE `info` DISABLE KEYS */;
INSERT INTO `info` VALUES (1,'System Title','Point of Sale'),(2,'Company Name','Atharv Enterprises'),(3,'Company Subtitle','CHITALE BANDHU MITHAIWALE'),(4,'Address1','Shop No. 1&2, Nalini Park, Opp. LIC, Gadital,'),(5,'Address2','Solapur Road, Pune, 28. Ph. 9834891321'),(6,'Phone No','9834891321'),(7,'GSTIN','27AAZFA6806B1ZB'),(8,'Subject To',''),(9,'First Line',''),(10,'Bill Details','We hereby certify that food/foods mentioned in this invoice is/are warranted to be the nature & quality when it/this purporated to be at the time of delivery. Kindly comsume sweets immediately. Goods once sold will not be taken back. FSSAI: 11518036001238'),(11,'',''),(12,'',''),(13,'Print Logo Path','D:\\CBM_BlackWhite1.png'),(14,'',''),(15,'Adverties Logo Path','D:\\adverties1.png'),(19,'Invoice Prefix','CBM'),(20,'Seller Location','Pune'),(21,'Seller Pincode','411028'),(22,'Bank Details','Bank : ICICI, Bhandarkar Rd. <br>A/C No. : 624005017419, IFSC : ICIC0006240'),(23,'Note','1) Order can not be canceled. <br>2) Mithai should be consumed immediately. <br>3) Total order amount may change at actual, at the time of delivery.');
/*!40000 ALTER TABLE `info` ENABLE KEYS */;
UNLOCK TABLES;

--
-- Table structure for table `invoiceitems`
--

DROP TABLE IF EXISTS `invoiceitems`;
/*!40101 SET @saved_cs_client     = @@character_set_client */;
 SET character_set_client = utf8mb4 ;
CREATE TABLE `invoiceitems` (
  `id` bigint NOT NULL AUTO_INCREMENT,
  `Invoice_id` bigint DEFAULT NULL,
  `PendingBill_id` int DEFAULT NULL,
  `IsMixItem` tinyint DEFAULT '0',
  `MixItemID` int DEFAULT NULL,
  `ItemId` bigint NOT NULL,
  `HSNCode` varchar(45) CHARACTER SET utf8mb4 COLLATE utf8mb4_0900_as_cs DEFAULT NULL,
  `Quantity` decimal(30,20) NOT NULL,
  `Rate` decimal(30,20) NOT NULL,
  `Unit` varchar(45) CHARACTER SET utf8mb4 COLLATE utf8mb4_0900_as_cs DEFAULT NULL,
  `GSTPercentage` decimal(30,20) NOT NULL,
  `TaxableRate` decimal(30,20) DEFAULT NULL,
  `TaxableAmount` decimal(30,20) DEFAULT NULL,
  `DiscountType` varchar(50) CHARACTER SET utf8mb4 COLLATE utf8mb4_0900_as_cs DEFAULT NULL,
  `DiscountValue` decimal(30,20) DEFAULT NULL,
  `DiscountAmount` decimal(30,20) DEFAULT NULL,
  `TaxableDiscountedAmount` decimal(30,20) DEFAULT NULL,
  `GSTAmount` decimal(30,20) NOT NULL,
  `CGSTAmount` decimal(30,20) NOT NULL,
  `SGSTAmount` decimal(30,20) NOT NULL,
  `IGSTAmount` decimal(30,20) NOT NULL,
  `ItemFinalAmount` decimal(30,20) DEFAULT NULL,
  `createdBy` int DEFAULT NULL,
  `createdOn` datetime DEFAULT CURRENT_TIMESTAMP,
  `SGSTRate` decimal(30,20) DEFAULT NULL,
  `CGSTRate` decimal(30,20) DEFAULT NULL,
  `IGSTRate` decimal(30,20) DEFAULT NULL,
  PRIMARY KEY (`id`)
) ENGINE=InnoDB AUTO_INCREMENT=14 DEFAULT CHARSET=utf8mb4 COLLATE=utf8mb4_0900_as_cs;
/*!40101 SET character_set_client = @saved_cs_client */;

--
-- Dumping data for table `invoiceitems`
--

LOCK TABLES `invoiceitems` WRITE;
/*!40000 ALTER TABLE `invoiceitems` DISABLE KEYS */;
INSERT INTO `invoiceitems` VALUES (5,2,NULL,0,NULL,213,NULL,3.00000000000000000000,70.00000000000000000000,'1',5.00000000000000000000,66.66666666666667000000,200.00000000000000000000,'%',0.00000000000000000000,0.00000000000000000000,200.00000000000000000000,10.00000000000000000000,5.00000000000000000000,5.00000000000000000000,10.00000000000000000000,210.00000000000000000000,NULL,'2024-06-22 09:35:51',2.50000000000000000000,2.50000000000000000000,NULL),(6,2,NULL,0,NULL,291,NULL,1.00000000000000000000,96.00000000000000000000,'1',5.00000000000000000000,91.42857142857143000000,91.42857142857143000000,'%',0.00000000000000000000,0.00000000000000000000,91.42857142857143000000,4.57142857142857200000,2.28571428571428600000,2.28571428571428600000,4.57142857142857200000,96.00000000000000000000,NULL,'2024-06-22 09:35:51',2.50000000000000000000,2.50000000000000000000,NULL),(7,2,NULL,0,NULL,4194,NULL,1.00000000000000000000,5.00000000000000000000,'1',12.00000000000000000000,4.46428571428571400000,4.46428571428571400000,'%',0.00000000000000000000,0.00000000000000000000,4.46428571428571400000,0.53571428571428570000,0.26785714285714285000,0.26785714285714285000,0.53571428571428570000,5.00000000000000000000,NULL,'2024-06-22 09:35:51',6.00000000000000000000,6.00000000000000000000,NULL),(8,2,NULL,0,NULL,4196,NULL,1.00000000000000000000,5.00000000000000000000,'1',12.00000000000000000000,4.46428571428571400000,4.46428571428571400000,'%',0.00000000000000000000,0.00000000000000000000,4.46428571428571400000,0.53571428571428570000,0.26785714285714285000,0.26785714285714285000,0.53571428571428570000,5.00000000000000000000,NULL,'2024-06-22 09:35:51',6.00000000000000000000,6.00000000000000000000,NULL),(9,2,NULL,0,NULL,4212,NULL,1.00000000000000000000,185.00000000000000000000,'1',5.00000000000000000000,176.19047619047620000000,176.19047619047620000000,'%',0.00000000000000000000,0.00000000000000000000,176.19047619047620000000,8.80952380952381000000,4.40476190476190500000,4.40476190476190500000,8.80952380952381000000,185.00000000000000000000,NULL,'2024-06-22 09:35:51',2.50000000000000000000,2.50000000000000000000,NULL),(10,2,NULL,0,NULL,4238,NULL,1.00000000000000000000,5.00000000000000000000,'1',12.00000000000000000000,4.46428571428571400000,4.46428571428571400000,'%',0.00000000000000000000,0.00000000000000000000,4.46428571428571400000,0.53571428571428570000,0.26785714285714285000,0.26785714285714285000,0.53571428571428570000,5.00000000000000000000,NULL,'2024-06-22 09:35:51',6.00000000000000000000,6.00000000000000000000,NULL),(11,2,NULL,1,213,214,NULL,1.00000000000000000000,80.00000000000000000000,'1',5.00000000000000000000,76.19047619047619000000,76.19047619047619000000,'%',0.00000000000000000000,0.00000000000000000000,76.19047619047619000000,3.80952380952380980000,1.90476190476190490000,1.90476190476190490000,3.80952380952380980000,80.00000000000000000000,NULL,'2024-06-22 09:35:51',2.50000000000000000000,2.50000000000000000000,NULL),(12,2,NULL,1,213,4193,NULL,1.00000000000000000000,5.00000000000000000000,'1',12.00000000000000000000,4.46428571428571400000,4.46428571428571400000,'%',0.00000000000000000000,0.00000000000000000000,4.46428571428571400000,0.53571428571428570000,0.26785714285714285000,0.26785714285714285000,0.53571428571428570000,5.00000000000000000000,NULL,'2024-06-22 09:35:51',6.00000000000000000000,6.00000000000000000000,NULL),(13,2,NULL,1,213,4228,NULL,1.00000000000000000000,185.00000000000000000000,'1',5.00000000000000000000,176.19047619047620000000,176.19047619047620000000,'%',0.00000000000000000000,0.00000000000000000000,176.19047619047620000000,8.80952380952381000000,4.40476190476190500000,4.40476190476190500000,8.80952380952381000000,185.00000000000000000000,NULL,'2024-06-22 09:35:51',2.50000000000000000000,2.50000000000000000000,NULL);
/*!40000 ALTER TABLE `invoiceitems` ENABLE KEYS */;
UNLOCK TABLES;

--
-- Table structure for table `invoices`
--

DROP TABLE IF EXISTS `invoices`;
/*!40101 SET @saved_cs_client     = @@character_set_client */;
 SET character_set_client = utf8mb4 ;
CREATE TABLE `invoices` (
  `ID` int NOT NULL AUTO_INCREMENT,
  `InvoiceDate` date DEFAULT NULL,
  `InvoiceNumber` int DEFAULT NULL,
  `PaymentMode` varchar(50) CHARACTER SET utf8mb4 COLLATE utf8mb4_0900_as_cs DEFAULT NULL,
  `DiscountAmount` decimal(30,20) DEFAULT '0.00000000000000000000',
  `InvoiceAmount` decimal(30,20) DEFAULT '0.00000000000000000000',
  `RoundedAmount` decimal(40,0) DEFAULT '0',
  `CreatedBy` varchar(100) CHARACTER SET utf8mb4 COLLATE utf8mb4_0900_as_cs DEFAULT NULL,
  `CreatedOn` datetime DEFAULT NULL,
  `UpdatedBy` varchar(100) CHARACTER SET utf8mb4 COLLATE utf8mb4_0900_as_cs DEFAULT NULL,
  `UpdatedOn` datetime DEFAULT NULL,
  `FullInvoiceNumber` varchar(50) CHARACTER SET utf8mb4 COLLATE utf8mb4_0900_as_cs DEFAULT NULL,
  `Upload` datetime DEFAULT NULL,
  `MobileNumber` varchar(12) CHARACTER SET utf8mb4 COLLATE utf8mb4_0900_as_cs DEFAULT NULL,
  `CustomerID` int DEFAULT '0',
  `macID` varchar(50) CHARACTER SET utf8mb4 COLLATE utf8mb4_0900_as_cs DEFAULT 'Null',
  PRIMARY KEY (`ID`)
) ENGINE=InnoDB AUTO_INCREMENT=3 DEFAULT CHARSET=utf8mb4 COLLATE=utf8mb4_0900_as_cs;
/*!40101 SET character_set_client = @saved_cs_client */;

--
-- Dumping data for table `invoices`
--

LOCK TABLES `invoices` WRITE;
/*!40000 ALTER TABLE `invoices` DISABLE KEYS */;
INSERT INTO `invoices` VALUES (2,'2024-06-22',1,'Cash',0.00000000000000000000,776.00000000000000000000,776,'2','2024-06-22 09:35:51','2','2024-06-22 09:35:51',NULL,NULL,'',0,'EC:B1:D7:5D:4B:52');
/*!40000 ALTER TABLE `invoices` ENABLE KEYS */;
UNLOCK TABLES;

--
-- Table structure for table `itemgroups`
--

DROP TABLE IF EXISTS `itemgroups`;
/*!40101 SET @saved_cs_client     = @@character_set_client */;
 SET character_set_client = utf8mb4 ;
CREATE TABLE `itemgroups` (
  `ID` int NOT NULL AUTO_INCREMENT,
  `Name` text CHARACTER SET utf8mb4 COLLATE utf8mb4_0900_as_cs,
  `ShortName` text CHARACTER SET utf8mb4 COLLATE utf8mb4_0900_as_cs,
  `FoodERP_ID` int DEFAULT NULL,
  `DisplayIndex` int DEFAULT NULL,
  `IsActive` tinyint DEFAULT NULL,
  PRIMARY KEY (`ID`)
) ENGINE=InnoDB AUTO_INCREMENT=67 DEFAULT CHARSET=utf8mb4 COLLATE=utf8mb4_0900_as_cs;
/*!40101 SET character_set_client = @saved_cs_client */;

--
-- Dumping data for table `itemgroups`
--

LOCK TABLES `itemgroups` WRITE;
/*!40000 ALTER TABLE `itemgroups` DISABLE KEYS */;
INSERT INTO `itemgroups` VALUES (59,'Agencies','Agencies',NULL,7,1),(60,'Dairy & Mix','Dairy & Mix',NULL,4,1),(61,'Ice Cream & Dry Fruits','Ice Cream & Dry Fruits',NULL,5,1),(62,'Loose Mithai','Loose Mithai',NULL,1,1),(63,'Others','Others',NULL,8,1),(64,'Packed Sweets','Packed Sweets',NULL,3,1),(65,'Seasonal','Seasonal',NULL,6,1),(66,'Snacks & Namkeen','Snacks & Namkeen',NULL,2,1);
/*!40000 ALTER TABLE `itemgroups` ENABLE KEYS */;
UNLOCK TABLES;

--
-- Table structure for table `items`
--

DROP TABLE IF EXISTS `items`;
/*!40101 SET @saved_cs_client     = @@character_set_client */;
 SET character_set_client = utf8mb4 ;
CREATE TABLE `items` (
  `ID` int NOT NULL AUTO_INCREMENT,
  `Name` text CHARACTER SET utf8mb4 COLLATE utf8mb4_0900_as_cs,
  `ItemSubGroupID` int DEFAULT NULL,
  `ShortName` text CHARACTER SET utf8mb4 COLLATE utf8mb4_0900_as_cs,
  `Barcode` varchar(15) CHARACTER SET utf8mb4 COLLATE utf8mb4_0900_as_cs DEFAULT NULL,
  `Unit` text CHARACTER SET utf8mb4 COLLATE utf8mb4_0900_as_cs,
  `MRP` double DEFAULT NULL,
  `Rate` double DEFAULT NULL,
  `GSTPercentage` double DEFAULT NULL,
  `HSNCode` int DEFAULT NULL,
  `Code` varchar(7) CHARACTER SET utf8mb4 COLLATE utf8mb4_0900_as_cs DEFAULT NULL,
  `FoodERP_ID` int DEFAULT NULL,
  `ShowFixed` varchar(45) CHARACTER SET utf8mb4 COLLATE utf8mb4_0900_as_cs DEFAULT NULL,
  `DisplayIndex` int DEFAULT NULL,
  `IsDelete` int DEFAULT '0',
  `isMixItem` tinyint DEFAULT '0',
  PRIMARY KEY (`ID`)
) ENGINE=InnoDB AUTO_INCREMENT=4738 DEFAULT CHARSET=utf8mb4 COLLATE=utf8mb4_0900_as_cs;
/*!40101 SET character_set_client = @saved_cs_client */;

--
-- Dumping data for table `items`
--

LOCK TABLES `items` WRITE;
/*!40000 ALTER TABLE `items` DISABLE KEYS */;
INSERT INTO `items` VALUES (1,'Bakarwadi Loose',169,'Bakarwadi Loose','','2',400,400,5,21069099,'1',NULL,NULL,NULL,0,0),(2,'Amba Burfi',154,'Amba Burfi','0','2',680,680,5,21069099,'1',NULL,NULL,NULL,0,0),(3,'Kaju Katli',158,'Kaju Katli','0','2',1000,1000,5,21069099,'1',NULL,NULL,NULL,0,0),(4,'Keshar pedha',157,'Keshar pedha','0','2',640,640,5,21069099,'1',NULL,NULL,NULL,0,0),(5,'Suke Gulabjam',156,'Suke Gulabjam','0','2',360,360,5,21069099,'1',NULL,NULL,NULL,0,0),(6,'Motichoor Ladoo',155,'Motichoor Ladoo','0','2',320,320,5,21069099,'1',NULL,NULL,NULL,0,0),(8,'Special Kandi Pedha (New)',157,'Special Kandi Pedha (New)','0','2',560,560,5,21069099,'1',NULL,NULL,NULL,0,0),(9,'Besan Ladoo',155,'Besan Ladoo','0','2',500,500,5,21069099,'1',NULL,NULL,NULL,0,0),(10,'Naral Burfi',154,'Naral Burfi','0','2',420,420,5,21069099,'1',NULL,NULL,NULL,0,0),(11,'Spl. Dink Ladoo',155,'Spl. Dink Ladoo','0','2',600,600,5,21069099,'1',NULL,NULL,NULL,0,0),(12,'Rasal Gulabjam',156,'Rasal Gulabjam','0','2',360,360,5,21069099,'1',NULL,NULL,NULL,0,0),(13,'Rajkot Pedha',157,'Rajkot Pedha','0','2',700,700,5,21069099,'1',NULL,NULL,NULL,0,0),(14,'Ola Naral Karanji',156,'Ola Naral Karanji','0','2',520,520,5,21069099,'1',NULL,NULL,NULL,0,0),(15,'Samosa Loose',174,'Samosa Loose','0','1',22,22,5,21069099,'1',NULL,NULL,NULL,0,0),(16,'Puran poli',161,'Puran poli','8462030818796','1',55,55,5,21069099,'1',NULL,NULL,NULL,0,0),(17,'Dry Fruit Idli',174,'Dry Fruit Idli','0','1',22,22,5,21069099,'1',NULL,NULL,NULL,0,0),(18,'Chakli 200 g',169,'Chakli 200 g','846203081732','1',75,75,12,21069099,'1',NULL,NULL,NULL,0,0),(19,'Tikhat Kachori Loose',174,'Tikhat Kachori Loose','0','2',400,400,5,21069099,'1',NULL,NULL,NULL,0,0),(20,'Jilebi',174,'Jilebi','0','2',220,220,5,21069099,'1',NULL,NULL,NULL,0,0),(21,'Samosa Small Loose',174,'Samosa Small Loose','0','2',320,320,5,21069099,'1',NULL,NULL,NULL,0,0),(22,'Dhokla Loose',174,'Dhokla Loose','0','2',240,240,5,21069099,'1',NULL,NULL,NULL,0,0),(23,'Surali Wadi Loose',174,'Surali Wadi Loose','0','2',300,300,5,21069099,'1',NULL,NULL,NULL,0,0),(24,'Methi Puri Loose',174,'Methi Puri Loose','0','2',360,360,5,21069099,'1',NULL,NULL,NULL,0,0),(25,'Khawa Poli',161,'Khawa Poli','0','1',55,55,5,21069099,'1',NULL,NULL,NULL,0,0),(26,'Alu Wadi Loose',174,'Alu Wadi Loose','0','2',260,260,5,21069099,'1',NULL,NULL,NULL,0,0),(27,'Matar Karanji Loose',174,'Matar Karanji Loose','0','2',300,300,5,21069099,'1',NULL,NULL,NULL,0,0),(28,'Jilebi Special',174,'Jilebi Special','0','2',340,340,5,21069099,'1',NULL,NULL,NULL,0,0),(29,'Kothimbir Wadi',174,'Kothimbir Wadi','0','2',341,341,5,21069099,'1',NULL,NULL,NULL,0,0),(30,'Gul Poli 150 g (2Psc)',161,'Gul Poli 150 g (2Psc)','0','1',70,70,5,21069099,'1',NULL,NULL,NULL,0,0),(31,'Mathari Loose',174,'Mathari Loose','0','2',360,360,5,21069099,'1',NULL,NULL,NULL,0,0),(32,'Sanja Poli',161,'Sanja Poli','0','1',45,45,5,21069099,'1',NULL,NULL,NULL,0,0),(34,'Dharwadi Pedha',157,'Dharwadi Pedha','0','2',580,580,5,21069099,'1',NULL,NULL,NULL,0,0),(35,'Sakhari Pedha',157,'Sakhari Pedha','0','2',580,580,5,21069099,'1',NULL,NULL,NULL,0,0),(36,'Malai Pedha',157,'Malai Pedha','0','2',720,720,5,21069099,'1',NULL,NULL,NULL,0,0),(38,'Jumbo Pedha',157,'Jumbo Pedha','0','2',720,720,5,21069099,'1',NULL,NULL,NULL,0,0),(39,'Sandwich Pedha',157,'Sandwich Pedha','0','2',980,980,5,21069099,'1',NULL,NULL,NULL,0,0),(40,'Guruwar Pedha',157,'Guruwar Pedha','0','2',640,640,5,21069099,'1',NULL,NULL,NULL,0,0),(42,'Paushtik Ladoo',155,'Paushtik Ladoo','0','2',500,500,5,21069099,'1',NULL,NULL,NULL,0,0),(43,'Rava Ladoo',155,'Rava Ladoo','0','2',460,460,5,21069099,'1',NULL,NULL,NULL,0,0),(44,'Mug Ladoo',155,'Mug Ladoo','0','2',500,500,5,21069099,'1',NULL,NULL,NULL,0,0),(45,'Dink Ladoo',155,'Dink Ladoo','0','2',500,500,5,21069099,'1',NULL,NULL,NULL,0,0),(46,'Nachani Ladoo',155,'Nachani Ladoo','0','2',400,400,5,21069099,'1',NULL,NULL,NULL,0,0),(47,'Methi Ladoo',155,'Methi Ladoo','0','2',500,500,5,21069099,'1',NULL,NULL,NULL,0,0),(48,'Bundi Ladoo',155,'Bundi Ladoo','0','2',280,280,5,21069099,'1',NULL,NULL,NULL,0,0),(49,'Rajasthani Ladoo',155,'Rajasthani Ladoo','0','2',520,520,5,21069099,'1',NULL,NULL,NULL,0,0),(52,'Kaju Badam Roll',158,'Kaju Badam Roll','0','2',1100,1100,5,21069099,'1',NULL,NULL,NULL,0,0),(53,'Badam Mewa',154,'Badam Mewa','0','2',800,800,5,21069099,'1',NULL,NULL,NULL,0,0),(54,'Amba Kaju Roll',158,'Amba Kaju Roll','0','2',1100,1100,5,21069099,'1',NULL,NULL,NULL,0,0),(55,'Kesar Kaju Katli',158,'Kesar Kaju Katli','0','2',1100,1100,5,21069099,'1',NULL,NULL,NULL,0,0),(56,'Rose Flavoured Kaju Katli',158,'Rose Flavoured Kaju Katli','0','2',1000,1000,5,21069099,'1',NULL,NULL,NULL,0,0),(57,'Pan Bahar',158,'Pan Bahar','0','2',1300,1300,5,21069099,'1',NULL,NULL,NULL,0,0),(58,'Orange Masti',158,'Orange Masti','0','2',1100,1100,5,21069099,'1',NULL,NULL,NULL,0,0),(59,'Chocolate Mewa',154,'Chocolate Mewa','0','2',800,800,5,21069099,'1',NULL,NULL,NULL,0,0),(60,'Pista Kaju Katli',158,'Pista Kaju Katli','0','2',1100,1100,5,21069099,'1',NULL,NULL,NULL,0,0),(61,'Gulkand Kaju Roll',158,'Gulkand Kaju Roll','0','2',1100,1100,5,21069099,'1',NULL,NULL,NULL,0,0),(62,'Nargis Roll',158,'Nargis Roll','0','2',1300,1300,5,21069099,'1',NULL,NULL,NULL,0,0),(63,'Kaju Kamal',158,'Kaju Kamal','0','2',1300,1300,5,21069099,'1',NULL,NULL,NULL,0,0),(64,'Orange Mewa',154,'Orange Mewa','0','2',800,800,5,21069099,'1',NULL,NULL,NULL,0,0),(65,'Kaju Apple Roll',158,'Kaju Apple Roll','0','2',1100,1100,5,21069099,'1',NULL,NULL,NULL,0,0),(66,'Dry Fruit Masti Burfi',158,'Dry Fruit Masti Burfi','0','2',1300,1300,5,21069099,'1',NULL,NULL,NULL,0,0),(68,'Keshar Wati',166,'Keshar Wati','0','2',1300,1300,5,21069099,'1',NULL,NULL,NULL,0,0),(72,'Kalakand',154,'Kalakand','0','2',680,680,5,21069099,'1',NULL,NULL,NULL,0,0),(73,'Kaju Pista Burfi',154,'Kaju Pista Burfi','0','2',880,880,5,21069099,'1',NULL,NULL,NULL,0,0),(74,'Anjeer Burfi',154,'Anjeer Burfi','0','2',1100,1100,5,21069099,'1',NULL,NULL,NULL,0,0),(75,'Khawa Burfi',154,'Khawa Burfi','0','2',580,580,5,21069099,'1',NULL,NULL,NULL,0,0),(76,'Santra Burfi',154,'Santra Burfi','0','2',580,580,5,21069099,'1',NULL,NULL,NULL,0,0),(77,'Kaju Badam Burfi',158,'Kaju Badam Burfi','0','2',880,880,5,21069099,'1',NULL,NULL,NULL,0,0),(78,'Malai Burfi',154,'Malai Burfi','0','2',680,680,5,21069099,'1',NULL,NULL,NULL,0,0),(81,'Chocolate Burfi',154,'Chocolate Burfi','0','2',600,600,5,21069099,'1',NULL,NULL,NULL,0,0),(84,'Khajur Dry Fruit Burfi',158,'Khajur Dry Fruit Burfi','0','2',1000,1000,5,21069099,'1',NULL,NULL,NULL,0,0),(86,'Satori',156,'Satori','0','2',480,480,5,21069099,'1',NULL,NULL,NULL,0,0),(88,'Amba Wadi',156,'Amba Wadi','0','2',520,520,5,21069099,'1',NULL,NULL,NULL,0,0),(89,'Plain Soan Papdi Loose',156,'Plain Soan Papdi Loose','0','2',600,600,5,21069099,'1',NULL,NULL,NULL,0,0),(90,'Mysorepak',156,'Mysorepak','0','2',300,300,5,21069099,'1',NULL,NULL,NULL,0,0),(91,'Mahim Halwa',156,'Mahim Halwa','0','2',300,300,5,21069099,'1',NULL,NULL,NULL,0,0),(92,'Karanji Bake',156,'Karanji Bake','0','2',460,460,5,21069099,'1',NULL,NULL,NULL,0,0),(93,'Mug Halwa',156,'Mug Halwa','0','2',520,520,5,21069099,'1',NULL,NULL,NULL,0,0),(94,'Mahim Halwa Spl.',156,'Mahim Halwa Spl.','0','2',420,420,5,21069099,'1',NULL,NULL,NULL,0,0),(96,'Balushahi',156,'Balushahi','0','2',260,260,5,21069099,'1',NULL,NULL,NULL,0,0),(97,'Ale Pak',156,'Ale Pak','0','2',200,200,5,21069099,'1',NULL,NULL,NULL,0,0),(98,'Pineapple Halwa',156,'Pineapple Halwa','0','2',420,420,5,21069099,'1',NULL,NULL,NULL,0,0),(99,'Badam Halwa',156,'Badam Halwa','0','2',260,260,5,21069099,'1',NULL,NULL,NULL,0,0),(100,'Shrikhand Wadi',156,'Shrikhand Wadi','0','2',440,440,5,21069099,'1',NULL,NULL,NULL,0,0),(101,'Badam Halwa Sp.',156,'Badam Halwa Sp.','0','2',400,400,5,21069099,'1',NULL,NULL,NULL,0,0),(102,'Spl. God Bundi',156,'Spl. God Bundi','0','2',460,460,5,21069099,'1',NULL,NULL,NULL,0,0),(103,'Full Cream Shrikhand Amba 100 g',149,'Full Cream Shrikhand Amba 100 g','8906009502106','1',35,35,5,4039090,'1',NULL,NULL,NULL,0,0),(104,'Full Cream Shrikhand Amba 250 g',149,'Full Cream Shrikhand Amba 250 g','8906009502113','1',85,85,5,4039090,'1',NULL,NULL,NULL,0,0),(105,'Full Cream Shrikhand Amba 500 g',149,'Full Cream Shrikhand Amba 500 g','8906009502120','1',158,158,5,4039090,'1',NULL,NULL,NULL,0,0),(106,'Full Cream Shrikhand Amba 1 kg',149,'Full Cream Shrikhand Amba 1 kg','8906009502137','1',290,290,5,4039090,'1',NULL,NULL,NULL,0,0),(107,'Full Cream Shrikhand Amba 5 kg',149,'Full Cream Shrikhand Amba 5 kg','0','1',1330,1330,5,4039090,'1',NULL,NULL,NULL,0,0),(108,'Full Cream Shrikhand Keshar 100 g',149,'Full Cream Shrikhand Keshar 100 g','8906009502007','1',35,35,5,4039090,'1',NULL,NULL,NULL,0,0),(109,'Full Cream Shrikhand Keshar 250 g',149,'Full Cream Shrikhand Keshar 250 g','8906009502014','1',85,85,5,4039090,'1',NULL,NULL,NULL,0,0),(110,'Full Cream Shrikhand Keshar 500 g',149,'Full Cream Shrikhand Keshar 500 g','8906009502021','1',158,158,5,4039090,'1',NULL,NULL,NULL,0,0),(111,'Full Cream Shrikhand Keshar 1 kg',149,'Full Cream Shrikhand Keshar 1 kg','8906009502038','1',290,290,5,4039090,'1',NULL,NULL,NULL,0,0),(112,'Full Cream Shrikhand Keshar 5 kg',149,'Full Cream Shrikhand Keshar 5 kg','0','1',1330,1330,5,4039090,'1',NULL,NULL,NULL,0,0),(113,'Full Cream Shrikhand Badampista 250 g',149,'Full Cream Shrikhand Badampista 250 g','8906009502311','1',85,85,5,4039090,'1',NULL,NULL,NULL,0,0),(114,'Full Cream Shrikhand Badampista 500 g',149,'Full Cream Shrikhand Badampista 500 g','8906009502328','1',158,158,5,4039090,'1',NULL,NULL,NULL,0,0),(115,'Full Cream Shrikhand Elaichi 250 g',149,'Full Cream Shrikhand Elaichi 250 g','8906009502212','1',83,83,5,4039090,'1',NULL,NULL,NULL,0,0),(116,'Full Cream Shrikhand Elaichi 500 g',149,'Full Cream Shrikhand Elaichi 500 g','8906009502229','1',153,153,5,4039090,'1',NULL,NULL,NULL,0,0),(117,'Dahi Bowl 400 g',145,'Dahi Bowl 400 g','8906009503035','1',62,62,5,4039090,'1',NULL,NULL,NULL,0,0),(118,'Dahi Bowl 200 g',145,'Dahi Bowl 200 g','8906009503028','1',35,35,5,4039090,'1',NULL,NULL,NULL,0,0),(120,'Cow Ghee 200 ml',148,'Cow Ghee 200 ml','8906009504117','1',150,150,12,4059020,'1',NULL,NULL,NULL,0,0),(121,'Cow Ghee 500 ml',148,'Cow Ghee 500 ml','8906009504124','1',365,365,12,4059020,'1',NULL,NULL,NULL,0,0),(122,'Cow Ghee 1000 ml',148,'Cow Ghee 1000 ml','8906009504131','1',700,700,12,4059020,'1',NULL,NULL,NULL,0,0),(123,'Cow Ghee 1000 ml Jar',148,'Cow Ghee 1000 ml Jar','8906009504193','1',730,730,12,4059020,'1',NULL,NULL,NULL,0,0),(124,'Cow Ghee Tin 15 kg',148,'Cow Ghee Tin 15 kg','0','1',700,700,12,4059020,'1',NULL,NULL,NULL,0,0),(125,'Ghee 200 ml',148,'Ghee 200 ml','8906009504018','1',154,154,12,4059020,'1',NULL,NULL,NULL,0,0),(126,'Ghee 500 ml',148,'Ghee 500 ml','8906009504025','1',365,365,12,4059020,'1',NULL,NULL,NULL,0,0),(127,'Ghee 1000 ml',148,'Ghee 1000 ml','8906009504032','1',700,700,12,4059020,'1',NULL,NULL,NULL,0,0),(128,'Ghee 1000 ml Jar',148,'Ghee 1000 ml Jar','8906009504094','1',730,730,12,4059020,'1',NULL,NULL,NULL,0,0),(129,'Chakka',148,'Chakka','0','2',340,340,5,4039090,'1',NULL,NULL,NULL,0,0),(130,'Desi Cooking Loni',146,'Desi Cooking Loni','0','2',612,612,12,4051000,'1',NULL,NULL,NULL,0,0),(131,'Desi Cooking Loni Cow',146,'Desi Cooking Loni Cow','0','2',612,612,12,4051000,'1',NULL,NULL,NULL,0,0),(133,'Paneer 200 g',146,'Paneer 200 g','8906009503417','1',93,93,5,4069000,'1',NULL,NULL,NULL,0,0),(134,'Lassi Mango 200 ml',146,'Lassi Mango 200 ml','8906009503318','1',25,25,5,4039090,'1',NULL,NULL,NULL,0,0),(135,'Lassi Sweetened 200 ml',146,'Lassi Sweetened 200 ml','8906009503301','1',25,25,5,4039090,'1',NULL,NULL,NULL,0,0),(136,'Processed Cheese 200 g',145,'Processed Cheese 200 g','8906009503516','1',130,130,12,4063000,'1',NULL,NULL,NULL,0,0),(137,'Processed Cheese 400 g',145,'Processed Cheese 400 g','8906009503523','1',240,240,12,4063000,'1',NULL,NULL,NULL,0,0),(138,'Processed Cheese Cubes 200 g',145,'Processed Cheese Cubes 200 g','8906009503554','1',164,164,12,4063000,'1',NULL,NULL,NULL,0,0),(139,'Basundi',147,'Basundi','0','2',400,400,5,21069099,'1',NULL,NULL,NULL,0,0),(140,'Khoya (Khawa)',147,'Khoya (Khawa)','0','2',440,440,5,21069099,'1',NULL,NULL,NULL,0,0),(141,'Alpohnso Mango Pulp (Sweetened) 200 g',162,'Alpohnso Mango Pulp (Sweetened) 200 g','','1',50,50,12,8045040,'1',NULL,NULL,NULL,0,0),(142,'Alpohnso Mango Pulp (Sweetened) 500 g',162,'Alpohnso Mango Pulp (Sweetened) 500 g','','1',110,110,12,8045040,'1',NULL,NULL,NULL,0,0),(143,'Alpohnso Mango Pulp (Sweetened) 1 kg',162,'Alpohnso Mango Pulp (Sweetened) 1 kg','','1',200,200,12,8045040,'1',NULL,NULL,NULL,0,0),(144,'Gulab Jamun Mix 200 g',147,'Gulab Jamun Mix 200 g','','1',93,93,18,21069099,'1',NULL,NULL,NULL,0,0),(145,'Gulab Jamun Mix 400 g',147,'Gulab Jamun Mix 400 g','','1',172,172,18,21069099,'1',NULL,NULL,NULL,0,0),(146,'Gulab Jamun Mix 1 kg',147,'Gulab Jamun Mix 1 kg','','1',415,415,18,21069099,'1',NULL,NULL,NULL,0,0),(147,'Khaman Mix 200 g',147,'Khaman Mix 200 g','','1',47,47,18,21069099,'1',NULL,NULL,NULL,0,0),(148,'Khaman Mix 400 g',147,'Khaman Mix 400 g','','1',90,90,18,21069099,'1',NULL,NULL,NULL,0,0),(149,'Idli Mix 200 g',147,'Idli Mix 200 g','','1',35,35,18,21069099,'1',NULL,NULL,NULL,0,0),(150,'Idli Mix 400 g',147,'Idli Mix 400 g','','1',70,70,18,21069099,'1',NULL,NULL,NULL,0,0),(151,'Meduwada Mix 200 g',147,'Meduwada Mix 200 g','','1',70,70,18,21069099,'1',NULL,NULL,NULL,0,0),(152,'Skimmed Milk Powder 100 g',147,'Skimmed Milk Powder 100 g','8906009505107','1',58,58,5,4021010,'1',NULL,NULL,NULL,0,0),(153,'Skimmed Milk Powder 200 g',147,'Skimmed Milk Powder 200 g','8906009505114','1',95,95,5,4021010,'1',NULL,NULL,NULL,0,0),(154,'Skimmed Milk Powder 1 kg',147,'Skimmed Milk Powder 1 kg','8906009505138','1',492,492,5,4021010,'1',NULL,NULL,NULL,0,0),(155,'Rasgulla',146,'Rasgulla','0','1',22,22,5,21069099,'1',NULL,NULL,NULL,0,0),(156,'Malai Sandwich',146,'Malai Sandwich','0','1',22,22,5,21069099,'1',NULL,NULL,NULL,0,0),(157,'Chamcham',146,'Chamcham','0','1',22,22,5,21069099,'1',NULL,NULL,NULL,0,0),(168,'Shev 250 g',173,'Shev 250 g','0','1',90,90,12,21069099,'1',NULL,NULL,NULL,0,0),(190,'Bhadang 200 g',169,'Bhadang 200 g','0','1',70,70,12,21069099,'1',NULL,NULL,NULL,0,0),(200,'Nadiyadi Farsan',169,'Nadiyadi Farsan','0','2',360,360,12,21069099,'1',NULL,NULL,NULL,0,0),(202,'Namkeen 200 g',0,'Namkeen 200 g','846203000535','1',72,72,12,21069099,'1',NULL,NULL,NULL,0,0),(203,'Khakara 250 g',171,'Khakara 250 g','0','1',95,95,12,21069099,'1',NULL,NULL,NULL,0,0),(206,'Budhani Potato Wafers 50 g (Small)',172,'Budhani Potato Wafers 50 g (Small)','8906159840011','1',20,20,12,20052000,'1',NULL,NULL,NULL,0,0),(207,'Budhani Potato Wafers 165 g (Big)',172,'Budhani Potato Wafers 165 g (Big)','8906010450052','1',60,60,12,20052000,'1',NULL,NULL,NULL,0,0),(208,'Budhani Potato Wafers 1 kg',172,'Budhani Potato Wafers 1 kg','0','1',400,400,12,21069099,'1',NULL,NULL,NULL,0,0),(211,'Chirote 200 g',163,'Chirote 200 g','0','1',72,72,5,21069099,'1',NULL,NULL,NULL,0,0),(212,'Methi Chirote 200 g',163,'Methi Chirote 200 g','0','1',70,70,12,21069099,'1',NULL,NULL,NULL,0,0),(213,'Sutarfeni 250 g',140,'Sutarfeni 250 g','0','1',70,70,5,21069099,'1',NULL,NULL,NULL,0,1),(214,'Spl. Sutarfeni',140,'Spl. Sutarfeni','0','1',80,80,5,21069099,'1',NULL,NULL,NULL,0,0),(217,'Shengdana Ladoo 250 g',163,'Shengdana Ladoo 250 g','846203002027','1',80,80,5,21069099,'1',NULL,NULL,NULL,0,0),(218,'Sabudana Papdi 100 g',172,'Sabudana Papdi 100 g','846203001990','1',45,45,12,21069099,'1',NULL,NULL,NULL,0,0),(219,'Kadak Bundi Ladoo 250 g',163,'Kadak Bundi Ladoo 250 g','0','1',90,90,5,21069099,'1',NULL,NULL,NULL,0,0),(220,'Kairi Mirchi Chatka 200 g',144,'Kairi Mirchi Chatka 200 g','0','1',55,55,12,21039090,'1',NULL,NULL,NULL,0,0),(224,'Masala Dane 100 g',172,'Masala Dane 100 g','846203001167','1',25,25,12,21069099,'1',NULL,NULL,NULL,0,0),(228,'Mawa Modak',157,'Mawa Modak','0','2',640,640,5,21069099,'1',NULL,NULL,NULL,0,0),(230,'Amba Modak Loose',167,'Amba Modak Loose','0','2',680,680,5,21069099,'1',NULL,NULL,NULL,0,0),(231,'Anarse',168,'Anarse','0','2',540,540,5,21069099,'1',NULL,NULL,NULL,0,0),(233,'Kaju Modak',167,'Kaju Modak','0','2',1000,1000,5,21069099,'1',NULL,NULL,NULL,0,0),(234,'Panchya Khadya',167,'Panchya Khadya','0','2',700,700,5,21069099,'1',NULL,NULL,NULL,0,0),(235,'Til Wadi',168,'Til Wadi','0','2',400,400,5,21069099,'1',NULL,NULL,NULL,0,0),(240,'Ghee Tin 15 kg',148,'Ghee Tin 15 kg','0','1',700,700,12,4059020,'1',NULL,NULL,NULL,0,0),(242,'Til Ladu',168,'Til Ladu','0','2',400,400,5,21069099,'1',NULL,NULL,NULL,0,0),(244,'Shegaon Kachori Loose',174,'Shegaon Kachori Loose','0','1',16,16,5,21069099,'1',NULL,NULL,NULL,0,0),(248,'Lassi Rose 200 ml',146,'Lassi Rose 200 ml','8906009503325','1',25,25,5,4039090,'1',NULL,NULL,NULL,0,0),(256,'Potato Chivda 100 g',170,'Potato Chivda 100 g','846203000429','1',60,60,12,21069099,'1',NULL,NULL,NULL,0,0),(259,'Butter Chatpata Loose',174,'Butter Chatpata Loose','0','2',360,360,5,21069099,'1',NULL,NULL,NULL,0,0),(261,'Suki Naral Karanji',156,'Suki Naral Karanji','0','2',520,520,5,21069099,'1',NULL,NULL,NULL,0,0),(264,'Full Cream Shrikhand Elaichi 100 g',149,'Full Cream Shrikhand Elaichi 100 g','0','1',33,33,5,4039090,'1',NULL,NULL,NULL,0,0),(265,'Processed Cheese 1 kg',145,'Processed Cheese 1 kg','8906009503530','1',390,390,12,4063000,'1',NULL,NULL,NULL,0,0),(267,'Paneer 1 kg',146,'Paneer 1 kg','8906009503431','1',425,425,5,4069000,'1',NULL,NULL,NULL,0,0),(269,'Full Cream Shrikhand Elaichi 5 kg',149,'Full Cream Shrikhand Elaichi 5 kg','0','1',1290,1290,5,4039090,'1',NULL,NULL,NULL,0,0),(270,'Special Chivda 100 g',170,'Special Chivda 100 g','0','1',43,43,12,21069099,'1',NULL,NULL,NULL,0,0),(271,'Idli Mix 1 kg',147,'Idli Mix 1 kg','','1',170,170,18,21069099,'1',NULL,NULL,NULL,0,0),(273,'Pakatle Chirote',163,'Pakatle Chirote','0','1',72,72,5,21069099,'1',NULL,NULL,NULL,0,0),(275,'Sankrant Halwa',168,'Sankrant Halwa','2612212022','1',200,200,5,21069099,'1',NULL,NULL,NULL,0,0),(277,'Phapda Loose',174,'Phapda Loose','0','2',320,320,5,21069099,'1',NULL,NULL,NULL,0,0),(280,'Lavang Latika',156,'Lavang Latika','0','2',450,450,5,21069099,'1',NULL,NULL,NULL,0,0),(283,'Potato Chivda Loose',170,'Potato Chivda Loose','0','2',580,580,5,21069099,'1',NULL,NULL,NULL,0,0),(284,'Maka Chivda Loose',170,'Maka Chivda Loose','0','2',410,410,5,21069099,'1',NULL,NULL,NULL,0,0),(291,'Alive Ladoo 200 g',140,'Alive Ladoo 200 g','846203002010','1',96,96,5,21069099,'1',NULL,NULL,NULL,0,0),(297,'Sakhari Phutane',168,'Sakhari Phutane','0','2',140,140,5,21069099,'1',NULL,NULL,NULL,0,0),(304,'Kadboli 200 g',169,'Kadboli 200 g','846203001952','1',84,84,12,21069099,'1',NULL,NULL,NULL,0,0),(306,'Farsan 100 g',169,'Farsan 100 g','0','1',36,36,12,21069099,'1',NULL,NULL,NULL,0,0),(319,'Patal Poha Chivda 100 g',170,'Patal Poha Chivda 100 g','0','1',38,38,12,21069099,'1',NULL,NULL,NULL,0,0),(324,'Ghevar',158,'Ghevar','0','1',70,70,5,21069099,'1',NULL,NULL,NULL,0,0),(328,'Blueberry Modak',167,'Blueberry Modak','0','2',1300,1300,5,21069099,'1',NULL,NULL,NULL,0,0),(330,'Butterscotch Modak',167,'Butterscotch Modak','0','2',1300,1300,5,21069099,'1',NULL,NULL,NULL,0,0),(333,'Anjeer Modak',167,'Anjeer Modak','0','2',1300,1300,5,21069099,'1',NULL,NULL,NULL,0,0),(335,'Big Modak 75 g',167,'Big Modak 75 g','0','1',55,55,5,21069099,'1',NULL,NULL,NULL,0,0),(336,'Big Modak 250 g',167,'Big Modak 250 g','0','1',170,170,5,21069099,'1',NULL,NULL,NULL,0,0),(337,'Big Modak 500 g',167,'Big Modak 500 g','0','1',340,340,5,21069099,'1',NULL,NULL,NULL,0,0),(338,'Big Modak 1 kg',167,'Big Modak 1 kg','0','1',680,680,5,21069099,'1',NULL,NULL,NULL,0,0),(339,'Maka Chivda 100 g',170,'Maka Chivda 100 g','846203000320','1',38,38,12,21069099,'1',NULL,NULL,NULL,0,0),(340,'Anjeer Roll',158,'Anjeer Roll','0','2',1100,1100,5,21069099,'1',NULL,NULL,NULL,0,0),(341,'Blueberry Butterscotch Roll',158,'Blueberry Butterscotch Roll','0','2',1300,1300,5,21069099,'1',NULL,NULL,NULL,0,0),(346,'Gajar Halwa',154,'Gajar Halwa','0','2',400,400,5,21069099,'1',NULL,NULL,NULL,0,0),(349,'Badam',150,'Badam','0','2',1400,1400,12,8021100,'1',NULL,NULL,NULL,0,0),(351,'Bedana',150,'Bedana','0','2',1200,1200,5,8021100,'1',NULL,NULL,NULL,0,0),(368,'Kharik Powder',150,'Kharik Powder','0','2',440,440,5,8021100,'1',NULL,NULL,NULL,0,0),(578,'Kawath Burfi',154,'Kawath Burfi','0','2',400,400,5,21069099,'1',NULL,NULL,NULL,0,0),(580,'Mohan Thal',154,'Mohan Thal','0','2',560,560,5,21069099,'1',NULL,NULL,NULL,0,0),(586,'Ghee MM 35 kg',148,'Ghee MM 35 kg','0','2',700,700,12,4059020,'1',NULL,NULL,NULL,0,0),(587,'Ghee Cow 35 kg',148,'Ghee Cow 35 kg','0','2',700,700,12,4059020,'1',NULL,NULL,NULL,0,0),(594,'Khaman Mix 1 kg',147,'Khaman Mix 1 kg','','1',210,210,18,21069099,'1',NULL,NULL,NULL,0,0),(595,'Meduwada Mix 1 kg',147,'Meduwada Mix 1 kg','','1',325,325,18,21069099,'1',NULL,NULL,NULL,0,0),(596,'Manuke',150,'Manuke','0','2',900,900,5,8021100,'1',NULL,NULL,NULL,0,0),(600,'Khara Pista',150,'Khara Pista','0','2',1900,1900,12,8021100,'1',NULL,NULL,NULL,0,0),(602,'Cashew (kaju)',150,'Cashew (kaju)','0','2',1400,1400,5,8013220,'1',NULL,NULL,NULL,0,0),(603,'Kharik',150,'Kharik','0','2',400,400,12,8021100,'1',NULL,NULL,NULL,0,0),(604,'Akrod',150,'Akrod','0','2',2000,2000,5,8021100,'1',NULL,NULL,NULL,0,0),(612,'Rasmalai',146,'Rasmalai','0','2',480,480,5,21069099,'1',NULL,NULL,NULL,0,0),(614,'Coffee Mewa',154,'Coffee Mewa','0','2',800,800,5,21069099,'1',NULL,NULL,NULL,0,0),(621,'Jardalu',150,'Jardalu','0','2',1400,1400,12,8131000,'1',NULL,NULL,NULL,0,0),(628,'Mi Mirchi 200 g',144,'Mi Mirchi 200 g','0','1',55,55,12,9109100,'1',NULL,NULL,NULL,0,0),(629,'Lime Sweet Pickle 200 g',144,'Lime Sweet Pickle 200 g','0','1',50,50,12,21039090,'1',NULL,NULL,NULL,0,0),(630,'Lime Sauce 400 g',144,'Lime Sauce 400 g','0','1',80,80,12,21039090,'1',NULL,NULL,NULL,0,0),(669,'Potato Papad White 100 g',140,'Potato Papad White 100 g','1129482','1',45,45,5,21069099,'1',NULL,NULL,NULL,0,0),(675,'Potato Papad Red 100 g',140,'Potato Papad Red 100 g','1129483','1',45,45,5,21069099,'1',NULL,NULL,NULL,0,0),(676,'Pushkarni Oli Bhel 150 g',143,'Pushkarni Oli Bhel 150 g','8908022439032','1',99,99,12,21069099,'1',NULL,NULL,NULL,0,0),(723,'Anjeer',150,'Anjeer','0','2',2500,2500,12,8021100,'1',NULL,NULL,NULL,0,0),(776,'Katdare Mango Pickle 200 g',143,'Katdare Mango Pickle 200 g','8906011851735','1',60,60,12,20019000,'1',NULL,NULL,NULL,0,0),(777,'Mawa Gujiya',156,'Mawa Gujiya','0','2',500,500,5,21069099,'1',NULL,NULL,NULL,0,0),(783,'Chakka 500 g',148,'Chakka 500 g','8906009503110','1',170,170,5,4039090,'1',NULL,NULL,NULL,0,0),(784,'Chakka 1 kg',148,'Chakka 1 kg','8906009503127','2',340,340,5,4039090,'1',NULL,NULL,NULL,0,0),(785,'Open Kamal',156,'Open Kamal','0','2',1300,1300,5,21069099,'1',NULL,NULL,NULL,0,0),(786,'Badam Diamond',166,'Badam Diamond','0','2',1300,1300,5,21069099,'1',NULL,NULL,NULL,0,0),(789,'Butterscotch Flavoured Milk 200 ml',145,'Butterscotch Flavoured Milk 200 ml','','1',30,30,12,22029930,'1',NULL,NULL,NULL,0,0),(790,'Rose Flavoured Milk 200 ml',145,'Rose Flavoured Milk 200 ml','','1',30,30,12,22029930,'1',NULL,NULL,NULL,0,0),(791,'Keshar Flavoured Milk 200 ml',145,'Keshar Flavoured Milk 200 ml','','1',30,30,12,22029930,'1',NULL,NULL,NULL,0,0),(795,'Chocolate Walnut Fudge',154,'Chocolate Walnut Fudge','0','2',860,860,18,21069099,'1',NULL,NULL,NULL,0,0),(801,'Masala Khakara 250 g',171,'Masala Khakara 250 g','0','1',95,95,12,21069099,'1',NULL,NULL,NULL,0,0),(802,'Methi Khakara 250 g',171,'Methi Khakara 250 g','0','1',95,95,12,21069099,'1',NULL,NULL,NULL,0,0),(803,'Palak Khakara 250 g',171,'Palak Khakara 250 g','0','1',95,95,12,21069099,'1',NULL,NULL,NULL,0,0),(815,'OTH Kajukand',141,'OTH Kajukand','8906040490011','1',80,80,5,8013210,'1',NULL,NULL,NULL,0,0),(874,'Gulkand 500 g',141,'Gulkand 500 g','8908001103060','1',170,170,12,21069099,'1',NULL,NULL,NULL,0,0),(883,'Gharge 200 g',140,'Gharge 200 g','0','1',92,92,5,21069099,'1',NULL,NULL,NULL,0,0),(1233,'Masala Khakhara 180 g',171,'Masala Khakhara 180 g','8906144950015','1',75,75,5,21069099,'1',NULL,NULL,NULL,0,0),(1235,'Jeera Khakhara GK',171,'Jeera Khakhara GK','8906144950022','1',75,75,5,21069099,'1',NULL,NULL,NULL,0,0),(1236,'Garlic Khakhra 180 g',171,'Garlic Khakhra 180 g','8906144950077','1',75,75,5,21069099,'1',NULL,NULL,NULL,0,0),(1276,'Chocolate Modak',167,'Chocolate Modak','0','2',700,700,5,21069099,'1',NULL,NULL,NULL,0,0),(1277,'Keshar Badam Modak',167,'Keshar Badam Modak','0','2',1300,1300,5,21069099,'1',NULL,NULL,NULL,0,0),(1291,'Khara Badam',150,'Khara Badam','0','2',1600,1600,12,8021100,'1',NULL,NULL,NULL,0,0),(1293,'Panchratna Roll',166,'Panchratna Roll','0','2',1100,1100,5,21069099,'1',NULL,NULL,NULL,0,0),(1294,'Shankarpali 500 g',169,'Shankarpali 500 g','0','1',170,170,5,21069099,'1',NULL,NULL,NULL,0,0),(1301,'Packing Charges-New',159,'Packing Charges-New','0','1',1,1,5,21069099,'1',NULL,NULL,NULL,0,0),(1302,'Chakli 500 g',169,'Chakli 500 g','846203001754','1',188,188,12,21069099,'1',NULL,NULL,NULL,0,0),(1312,'Kaju Til Roll',168,'Kaju Til Roll','0','2',1300,1300,5,21069099,'1',NULL,NULL,NULL,0,0),(1317,'Khari Shankarpali Loose',174,'Khari Shankarpali Loose','0','2',360,360,5,21069099,'1',NULL,NULL,NULL,0,0),(1332,'Katdare Sweet Lime Pickle 200 g',143,'Katdare Sweet Lime Pickle 200 g','8906011853838','1',60,60,12,20019000,'1',NULL,NULL,NULL,0,0),(1338,'Katdare Lime Pickle 200 g',143,'Katdare Lime Pickle 200 g','8906011854217','1',60,60,12,20019000,'1',NULL,NULL,NULL,0,0),(1341,'Pravin Thecha 100 g',143,'Pravin Thecha 100 g','8903241110434','1',30,30,12,21069099,'1',NULL,NULL,NULL,0,0),(1343,'Alphanso Mango Pulp 200 g',162,'Alphanso Mango Pulp 200 g','','1',70,70,12,8045040,'1',NULL,NULL,NULL,0,0),(1344,'Alphanso Mango Pulp 450 g',162,'Alphanso Mango Pulp 450 g','','1',150,150,12,8045040,'1',NULL,NULL,NULL,0,0),(1361,'Yoko Coconut Powder 12 g',143,'Yoko Coconut Powder 12 g','8906082540026','1',15,15,5,21069099,'1',NULL,NULL,NULL,0,0),(1377,'Shrubery Biscuit 200 g',163,'Shrubery Biscuit 200 g','8908001251013','1',135,135,18,19053100,'1',NULL,NULL,NULL,0,0),(1401,'Packaged Drinking Water 1 Ltr',143,'Packaged Drinking Water 1 Ltr','8906017290040','1',20,20,18,22011010,'1',NULL,NULL,NULL,0,0),(1402,'Packaged Drinking Water 500 ml',143,'Packaged Drinking Water 500 ml','896017290033','1',10,10,18,22011010,'1',NULL,NULL,NULL,0,0),(1475,'Keshar Dabi 0.5 g',143,'Keshar Dabi 0.5 g','8906016820125','1',200,200,5,9102010,'1',NULL,NULL,NULL,0,0),(1484,'Chirote (A) 250 g Box',144,'Chirote (A) 250 g Box','0','1',250,250,5,21069099,'1',NULL,NULL,NULL,0,0),(1487,'Dahi Pouch 5 kg',145,'Dahi Pouch 5 kg','0','1',404,404,5,4039090,'1',NULL,NULL,NULL,0,0),(1521,'Keshar Dabi 1 g',143,'Keshar Dabi 1 g','8906016820033','1',350,350,5,9102010,'1',NULL,NULL,NULL,0,0),(1538,'Chitale Mango Icecream 500 ml',152,'Chitale Mango Icecream 500 ml','8906095990009','1',395,395,18,21050000,'1',NULL,NULL,NULL,0,0),(1539,'Chitale Red Peru Icecream 500 ml',151,'Chitale Red Peru Icecream 500 ml','8906095990023','1',360,360,18,21050000,'1',NULL,NULL,NULL,0,0),(1540,'Chitale Chocolate Icecrem 500 ml',152,'Chitale Chocolate Icecrem 500 ml','8906095990054','1',385,385,18,21050000,'1',NULL,NULL,NULL,0,0),(1541,'Chitale Vanilla Icecream 500 ml',151,'Chitale Vanilla Icecream 500 ml','8906095990047','1',300,300,18,21050000,'1',NULL,NULL,NULL,0,0),(1545,'Jilebi Mix 1 kg',147,'Jilebi Mix 1 kg','','1',140,140,18,21069099,'1',NULL,NULL,NULL,0,0),(1552,'Chitale Coffee Icecream 500 ml',152,'Chitale Coffee Icecream 500 ml','8906095990146','1',360,360,18,21050000,'1',NULL,NULL,NULL,0,0),(1570,'OTH Bhave Masala Badiship 50 g',141,'OTH Bhave Masala Badiship 50 g','8908017967007','1',30,30,12,21069099,'1',NULL,NULL,NULL,0,0),(1574,'Butter Milk 500 ml',146,'Butter Milk 500 ml','8906009503714','1',20,20,5,4039010,'1',NULL,NULL,NULL,0,0),(1594,'Chitale Pinacolada 100 ml',151,'Chitale Pinacolada 100 ml','8906095990115','1',80,80,18,21050000,'1',NULL,NULL,NULL,0,0),(1612,'Spiced Buttermilk 200 ml (Bowl)',146,'Spiced Buttermilk 200 ml (Bowl)','0','1',12,12,5,4039010,'1',NULL,NULL,NULL,0,0),(1615,'Mamra Badam',150,'Mamra Badam','0','2',3600,3600,12,8021200,'1',NULL,NULL,NULL,0,0),(1655,'Chakli Tukda 200 g',169,'Chakli Tukda 200 g','0','1',38,38,12,21069099,'1',NULL,NULL,NULL,0,0),(1663,'Chitale Cookies Icecream 500 ml',152,'Chitale Cookies Icecream 500 ml','8906095990139','1',360,360,18,21050000,'1',NULL,NULL,NULL,0,0),(1664,'Chitale Pinacolada 500 ml',151,'Chitale Pinacolada 500 ml','8906095990122','1',385,385,18,21050000,'1',NULL,NULL,NULL,0,0),(1665,'Chitale Anjeer Icecream 500 ml',152,'Chitale Anjeer Icecream 500 ml','8906095990085','1',385,385,18,21050000,'1',NULL,NULL,NULL,0,0),(1670,'ButterScotch Burfi',154,'ButterScotch Burfi','0','2',560,560,5,21069099,'1',NULL,NULL,NULL,0,0),(1679,'Chitale Mango Icecream 100 ml',152,'Chitale Mango Icecream 100 ml','8906095990016','1',85,85,18,21050000,'1',NULL,NULL,NULL,0,0),(1685,'Chitale Red Peru Icecream100 ml',151,'Chitale Red Peru Icecream100 ml','8906095990030','1',75,75,18,21050000,'1',NULL,NULL,NULL,0,0),(1686,'Chitale Chocolate Icecrem 100 ml',152,'Chitale Chocolate Icecrem 100 ml','8906095990061','1',80,80,18,21050000,'1',NULL,NULL,NULL,0,0),(1687,'Chitale Ginger Icecream 100 ml',152,'Chitale Ginger Icecream 100 ml','8906095990108','1',65,65,18,21050000,'1',NULL,NULL,NULL,0,0),(1688,'Chitale Vanilla Icecream 100 ml',151,'Chitale Vanilla Icecream 100 ml','8906095990160','1',60,60,18,21050000,'1',NULL,NULL,NULL,0,0),(1691,'Gulkand Modak',167,'Gulkand Modak','0','2',1300,1300,5,21069099,'1',NULL,NULL,NULL,0,0),(1692,'Shahi Chocolate Modak',167,'Shahi Chocolate Modak','0','2',1300,1300,18,21069099,'1',NULL,NULL,NULL,0,0),(1694,'Fried Modak',167,'Fried Modak','0','2',480,480,5,21069099,'1',NULL,NULL,NULL,0,0),(1701,'Tomato Ketchup 200 g',162,'Tomato Ketchup 200 g','','1',40,40,12,21032000,'1',NULL,NULL,NULL,0,0),(1702,'Tomato Ketchup 400 g',162,'Tomato Ketchup 400 g','','1',70,70,12,21032000,'1',NULL,NULL,NULL,0,0),(1705,'Anjeer Kali',166,'Anjeer Kali','0','2',1300,1300,5,21069099,'1',NULL,NULL,NULL,0,0),(1725,'Butterscotch Mohini',166,'Butterscotch Mohini','0','2',1300,1300,5,21069099,'1',NULL,NULL,NULL,0,0),(1726,'Kaju Anadi',166,'Kaju Anadi','0','2',1300,1300,5,21069099,'1',NULL,NULL,NULL,0,0),(1770,'Alu Chatpata Loose',174,'Alu Chatpata Loose','0','2',420,420,12,21069099,'1',NULL,NULL,NULL,0,0),(1774,'Dahi Pouch 200 g',145,'Dahi Pouch 200 g','8906009503073','1',21,21,5,4039090,'1',NULL,NULL,NULL,0,0),(1775,'Dahi Pouch 400 g',145,'Dahi Pouch 400 g','8906009503080','1',37,37,5,4039090,'1',NULL,NULL,NULL,0,0),(1784,'Tomato Ketchup 1 kg',162,'Tomato Ketchup 1 kg','','1',100,100,12,21032000,'1',NULL,NULL,NULL,0,0),(1798,'Potato Sticks',169,'Potato Sticks','0','2',400,400,12,21069099,'1',NULL,NULL,NULL,0,0),(1803,'Chitale Anjeer Icecream 100 ml',151,'Chitale Anjeer Icecream 100 ml','8906095990078','1',80,80,18,21050000,'1',NULL,NULL,NULL,0,0),(1804,'Chitale Cookies Icecream 100 ml',151,'Chitale Cookies Icecream 100 ml','8906095990191','1',75,75,18,21050000,'1',NULL,NULL,NULL,0,0),(1826,'Coffee Flavoured Milk 200 ml',145,'Coffee Flavoured Milk 200 ml','','1',35,35,12,22029930,'1',NULL,NULL,NULL,0,0),(1836,'Mango Jam 100 g',162,'Mango Jam 100 g','','1',25,25,12,20079910,'1',NULL,NULL,NULL,0,0),(1837,'Mango Jam 200 g',162,'Mango Jam 200 g','','1',45,45,12,20079910,'1',NULL,NULL,NULL,0,0),(1838,'Mix Fruit Jam 100 g',162,'Mix Fruit Jam 100 g','','1',25,25,12,20079990,'1',NULL,NULL,NULL,0,0),(1839,'Mix Fruit Jam 200 g',162,'Mix Fruit Jam 200 g','','1',45,45,12,20079990,'1',NULL,NULL,NULL,0,0),(1842,'Cow Ghee 500 ml Jar',148,'Cow Ghee 500 ml Jar','8906009504186','1',380,380,12,4059020,'1',NULL,NULL,NULL,0,0),(1843,'Ghee 500 ml Jar',148,'Ghee 500 ml Jar','8906009504087','1',380,380,12,4059020,'1',NULL,NULL,NULL,0,0),(1847,'Spl. Mysorepak',156,'Spl. Mysorepak','0','2',560,560,5,21069099,'1',NULL,NULL,NULL,0,0),(1860,'Chitale Coffee Icecream 100 ml',152,'Chitale Coffee Icecream 100 ml','8906095990153','1',75,75,18,21050000,'1',NULL,NULL,NULL,0,0),(1922,'Tiranga Burfi',154,'Tiranga Burfi','0','2',640,640,5,21069099,'1',NULL,NULL,NULL,0,0),(1962,'Cloth Bag',140,'Cloth Bag','0','1',10,10,12,42022220,'1',NULL,NULL,NULL,0,0),(2055,'Dry Fruit Butterscotch Ball',166,'Dry Fruit Butterscotch Ball','0','2',1300,1300,5,21069099,'1',NULL,NULL,NULL,0,0),(2056,'Rosted Dry Fruit Kasata',151,'Rosted Dry Fruit Kasata','0','2',1300,1300,5,21069099,'1',NULL,NULL,NULL,0,0),(2158,'Dahi Bowl 80 g',145,'Dahi Bowl 80 g','8906009503097','1',12,12,5,4039090,'1',NULL,NULL,NULL,0,0),(2224,'Churma Ladu',155,'Churma Ladu','0','2',560,560,5,21069099,'1',NULL,NULL,NULL,0,0),(2327,'Chitale Strawberry Icecream 500 ml',151,'Chitale Strawberry Icecream 500 ml','8906095990245','1',385,385,18,21050000,'1',NULL,NULL,NULL,0,0),(2328,'Chitale Strawberry Icecream 100 ml',151,'Chitale Strawberry Icecream 100 ml','8906095990238','1',80,80,18,21050000,'1',NULL,NULL,NULL,0,0),(2371,'Chitale Tilgul Icecream 100 ml',151,'Chitale Tilgul Icecream 100 ml','8906095990214','1',70,70,18,21050000,'1',NULL,NULL,NULL,0,0),(2380,'Budhani Potato Wafers 250 g',172,'Budhani Potato Wafers 250 g','0','1',100,100,12,20052000,'1',NULL,NULL,NULL,0,0),(2393,'Cloth Bag Big',140,'Cloth Bag Big','0','1',15,15,12,42022220,'1',NULL,NULL,NULL,0,0),(2396,'Amba Sanja Poli',161,'Amba Sanja Poli','0','1',85,85,5,21069099,'1',NULL,NULL,NULL,0,0),(2452,'Dahi Pouch 1 kg',145,'Dahi Pouch 1 kg','8906009503042','1',86,86,5,4039090,'1',NULL,NULL,NULL,0,0),(2581,'Chitale Mango Ice Cream Cone 120 ml',151,'Chitale Mango Ice Cream Cone 120 ml','8906095990252','1',80,80,18,21050000,'1',NULL,NULL,NULL,0,0),(2583,'Chitale Vanilla Choco Twist Cone 120 ml',151,'Chitale Vanilla Choco Twist Cone 120 ml','8906095990276','1',70,70,18,21050000,'1',NULL,NULL,NULL,0,0),(2595,'Chitale Chocolate Ice Cream Cone 120 ml',151,'Chitale Chocolate Ice Cream Cone 120 ml','8906095990269','1',80,80,18,21050000,'1',NULL,NULL,NULL,0,0),(2706,'Processed Cheese Spread 180 g',145,'Processed Cheese Spread 180 g','8906009503578','1',85,85,12,4063000,'1',NULL,NULL,NULL,0,0),(2720,'Pedha 200G',160,'Pedha 200G','846203001341','1',170,170,5,21069099,'1',NULL,NULL,NULL,0,0),(2762,'Sabudana Papdi Red',172,'Sabudana Papdi Red','0','1',45,45,12,21069099,'1',NULL,NULL,NULL,0,0),(2808,'Dry Fruit Orange Roll',166,'Dry Fruit Orange Roll','0','2',1200,1200,5,21069099,'1',NULL,NULL,NULL,0,0),(2870,'Sadha Pedha',157,'Sadha Pedha','0','2',640,640,5,21069099,'1',NULL,NULL,NULL,0,0),(2905,'Kaju Punch Mewa',166,'Kaju Punch Mewa','0','2',1300,1300,5,21069099,'1',NULL,NULL,NULL,0,0),(2931,'Katdare Metkut 100 g',143,'Katdare Metkut 100 g','0','1',50,50,5,9109929,'1',NULL,NULL,NULL,0,0),(2940,'Katdare Karala Chutney 100 g',143,'Katdare Karala Chutney 100 g','8906011850929','1',45,45,5,21109099,'1',NULL,NULL,NULL,0,0),(2941,'Katdare Javas Chutney 100 g',143,'Katdare Javas Chutney 100 g','8906011851124','1',45,45,5,21069099,'1',NULL,NULL,NULL,0,0),(2942,'Katdare Lasun Chutney 100 g',143,'Katdare Lasun Chutney 100 g','8906011850721','1',50,50,5,21069099,'1',NULL,NULL,NULL,0,0),(2963,'Chat Puri 200 g',174,'Chat Puri 200 g','0','1',70,70,12,21069099,'1',NULL,NULL,NULL,0,0),(3001,'Tomato Ketchup 8 g',162,'Tomato Ketchup 8 g','','1',1,1,12,21032000,'1',NULL,NULL,NULL,0,0),(3002,'Tomato Ketchup 100 g',162,'Tomato Ketchup 100 g','','1',15,15,12,21032000,'1',NULL,NULL,NULL,0,0),(3006,'Palak Puri 200 g',174,'Palak Puri 200 g','0','1',70,70,12,21069099,'1',NULL,NULL,NULL,0,0),(3079,'Chitale Keshar Pista Ice Cream 100 ml',152,'Chitale Keshar Pista Ice Cream 100 ml','8906095990450','1',80,80,18,21050000,'1',NULL,NULL,NULL,0,0),(3080,'Chitale Gulkand Ice Cream 100 ml',152,'Chitale Gulkand Ice Cream 100 ml','8906095990443','1',75,75,18,21050000,'1',NULL,NULL,NULL,0,0),(3172,'Meduwada Mix 400 g',147,'Meduwada Mix 400 g','','1',120,120,18,21069099,'1',NULL,NULL,NULL,0,0),(3267,'Schezwan Puri 200 g',174,'Schezwan Puri 200 g','0','1',70,70,12,21069099,'1',NULL,NULL,NULL,0,0),(3350,'Mini Chakali 200 g',169,'Mini Chakali 200 g','0','1',80,80,12,21069099,'1',NULL,NULL,NULL,0,0),(3363,'Chitale Gulkand Ice Cream 500 ml',151,'Chitale Gulkand Ice Cream 500 ml','8906095990498','1',360,360,18,21050000,'1',NULL,NULL,NULL,0,0),(3421,'Processed Cheese Cubes 1 kg',145,'Processed Cheese Cubes 1 kg','8906009503547','1',545,545,12,4063000,'1',NULL,NULL,NULL,0,0),(3438,'Chitale Keshar Pista Ice Cream 500 ml',152,'Chitale Keshar Pista Ice Cream 500 ml','8906095990511','1',385,385,18,21050000,'1',NULL,NULL,NULL,0,0),(3442,'Butterscotch Ice Cream 500 ml',152,'Butterscotch Ice Cream 500 ml','8906095990504','1',360,360,18,21050000,'1',NULL,NULL,NULL,0,0),(3465,'Chitale Butterscotch Ice Cream 100 ml',151,'Chitale Butterscotch Ice Cream 100 ml','8906095990467','1',75,75,18,21050000,'1',NULL,NULL,NULL,0,0),(3466,'Bhave Tambul wida',141,'Bhave Tambul wida','8908017967069','1',40,40,12,21069099,'1',NULL,NULL,NULL,0,0),(3506,'Methi Shankar Pali Loose',174,'Methi Shankar Pali Loose','0','2',350,350,5,21069099,'1',NULL,NULL,NULL,0,0),(3507,'Cheese Shankarpali Loose',174,'Cheese Shankarpali Loose','0','2',380,380,5,21069099,'1',NULL,NULL,NULL,0,0),(3519,'Elaichi',150,'Elaichi','0','2',2600,2600,5,8021100,'1',NULL,NULL,NULL,0,0),(3562,'Milk Mysore',156,'Milk Mysore','0','2',860,860,5,21069099,'1',NULL,NULL,NULL,0,0),(3567,'Pratik Nasle Shenga Chutney 100 g',143,'Pratik Nasle Shenga Chutney 100 g','915648359904','1',40,40,12,21069099,'1',NULL,NULL,NULL,0,0),(3574,'Tomato Ketchup 500 g',162,'Tomato Ketchup 500 g','','1',60,60,12,21032000,'1',NULL,NULL,NULL,0,0),(3638,'Cheese Shankarpali 200 g',174,'Cheese Shankarpali 200 g','846203002065','1',75,75,12,21069099,'1',NULL,NULL,NULL,0,0),(3639,'Methi Shankarpali 200 g',174,'Methi Shankarpali 200 g','846203002072','1',70,70,12,21069099,'1',NULL,NULL,NULL,0,0),(3842,'Shahi Motichur Ladoo',155,'Shahi Motichur Ladoo','0','2',520,520,5,21069099,'1',NULL,NULL,NULL,0,0),(3843,'Kandi Pedha',157,'Kandi Pedha','0','2',640,640,5,21069099,'1',NULL,NULL,NULL,0,0),(3844,'Dharwadi Pedha With Rose Petals',157,'Dharwadi Pedha With Rose Petals','0','2',600,600,5,21069099,'1',NULL,NULL,NULL,0,0),(3846,'Mohan Besan Ladoo',155,'Mohan Besan Ladoo','0','2',640,640,5,21069099,'1',NULL,NULL,NULL,0,0),(3847,'Sohan Moog Ladoo',155,'Sohan Moog Ladoo','0','2',640,640,5,21069099,'1',NULL,NULL,NULL,0,0),(3848,'Pune Burfi',154,'Pune Burfi','0','2',640,640,5,21069099,'1',NULL,NULL,NULL,0,0),(3849,'Shahi Balushahi',156,'Shahi Balushahi','0','2',600,600,5,21069099,'1',NULL,NULL,NULL,0,0),(3850,'Shahi Anarse',168,'Shahi Anarse','0','2',740,740,5,21069099,'1',NULL,NULL,NULL,0,0),(3851,'Shyam Nachani Ladoo',155,'Shyam Nachani Ladoo','0','2',640,640,5,21069099,'1',NULL,NULL,NULL,0,0),(3857,'Shahi Anarse Tukda',168,'Shahi Anarse Tukda','0','2',370,370,5,21069099,'1',NULL,NULL,NULL,0,0),(3915,'Mango Malai Burfi',154,'Mango Malai Burfi','0','2',680,680,5,21069099,'1',NULL,NULL,NULL,0,0),(3922,'Kala Jamun',156,'Kala Jamun','0','2',540,540,5,21069099,'1',NULL,NULL,NULL,0,0),(3924,'Tamarind Chutney 250 g',162,'Tamarind Chutney 250 g','','1',45,45,12,21039090,'1',NULL,NULL,NULL,0,0),(3950,'Masala Flavoured Milk 200 ml',145,'Masala Flavoured Milk 200 ml','','1',30,30,12,22029930,'1',NULL,NULL,NULL,0,0),(3971,'Chitale Ice Cream Roasted Almond 100 ml',152,'Chitale Ice Cream Roasted Almond 100 ml','8906095990535','1',70,70,18,21050000,'1',NULL,NULL,NULL,0,0),(3984,'Chitale Mocha Almond Icecream 500 ml',151,'Chitale Mocha Almond Icecream 500 ml','8906095990542','1',320,320,18,21050000,'1',NULL,NULL,NULL,0,0),(4005,'Basundi Mix 100 g',147,'Basundi Mix 100 g','','1',60,60,18,21069099,'1',NULL,NULL,NULL,0,0),(4006,'Basundi Mix 200 g',147,'Basundi Mix 200 g','','1',105,105,18,21069099,'1',NULL,NULL,NULL,0,0),(4007,'Kheer Mix 100 g',147,'Kheer Mix 100 g','','1',45,45,18,21069099,'1',NULL,NULL,NULL,0,0),(4008,'Kheer Mix 200 g',147,'Kheer Mix 200 g','','1',75,75,18,21069099,'1',NULL,NULL,NULL,0,0),(4009,'Dosa Mix 200 g',147,'Dosa Mix 200 g','','1',60,60,18,21069099,'1',NULL,NULL,NULL,0,0),(4010,'Dosa Mix 400 g',147,'Dosa Mix 400 g','','1',105,105,18,21069099,'1',NULL,NULL,NULL,0,0),(4019,'Chikku Burfi',154,'Chikku Burfi','0','2',620,620,5,21069099,'1',NULL,NULL,NULL,0,0),(4023,'DeliciousKhand Butterscotch 100 g',149,'DeliciousKhand Butterscotch 100 g','8906009502502','1',33,33,5,4039090,'1',NULL,NULL,NULL,0,0),(4024,'DeliciousKhand Butterscotch 250 g',149,'DeliciousKhand Butterscotch 250 g','8906009502519','1',83,83,5,4039090,'1',NULL,NULL,NULL,0,0),(4032,'Pasteurised Table Butter 100 g',146,'Pasteurised Table Butter 100 g','8906009504407','1',57,57,12,4051000,'1',NULL,NULL,NULL,0,0),(4033,'Pasteurised Table Butter 200 g',146,'Pasteurised Table Butter 200 g','8906009504414','1',110,110,12,4051000,'1',NULL,NULL,NULL,0,0),(4034,'Pasteurised Table Butter 500 g',146,'Pasteurised Table Butter 500 g','8906009504421','1',275,275,12,4051000,'1',NULL,NULL,NULL,0,0),(4036,'Chana Chat Samosa Loose',174,'Chana Chat Samosa Loose','0','2',320,320,5,21069099,'1',NULL,NULL,NULL,0,0),(4037,'Matar Cheese Balls',174,'Matar Cheese Balls','0','1',25,25,5,21069099,'1',NULL,NULL,NULL,0,0),(4043,'Pineapple  Flavoured Milk 200 ml',145,'Pineapple  Flavoured Milk 200 ml','','1',30,30,12,22029930,'1',NULL,NULL,NULL,0,0),(4044,'Strawberry Flavoured Milk 200 ml',145,'Strawberry Flavoured Milk 200 ml','','1',30,30,12,22029930,'1',NULL,NULL,NULL,0,0),(4046,'Ratlami Shev 200 g',173,'Ratlami Shev 200 g','846203002713','1',72,72,12,21069099,'1',NULL,NULL,NULL,0,0),(4048,'Double Chocolate Chip Icecream 500 ml',152,'Double Chocolate Chip Icecream 500 ml','8906095990597','1',350,350,18,21050000,'1',NULL,NULL,NULL,0,0),(4049,'Chiku Ice Cream 500 ml',152,'Chiku Ice Cream 500 ml','8906095990603','1',350,350,18,21050000,'1',NULL,NULL,NULL,0,0),(4050,'Paan Masala Icecream 500 ml',152,'Paan Masala Icecream 500 ml','8906095990559','1',385,385,18,21050000,'1',NULL,NULL,NULL,0,0),(4051,'No Added Sugar Vanilla Ice Cream 500 ml',151,'No Added Sugar Vanilla Ice Cream 500 ml','8906095990566','1',350,350,18,21050000,'1',NULL,NULL,NULL,0,0),(4053,'Coffee Walnut Ice Cream 500 ml',151,'Coffee Walnut Ice Cream 500 ml','8906095990542','1',350,350,18,21050000,'1',NULL,NULL,NULL,0,0),(4056,'No Added Sugar Vanilla Ice Cream 100 ml',151,'No Added Sugar Vanilla Ice Cream 100 ml','8906095990573','1',80,80,18,21050000,'1',NULL,NULL,NULL,0,0),(4062,'Potato Stick Cream & Onion 100 g',169,'Potato Stick Cream & Onion 100 g','846203002768','1',40,40,12,21069099,'1',NULL,NULL,NULL,0,0),(4068,'Bakarwadi 250 g Tray',169,'Bakarwadi 250 g Tray','846203081923','1',110,110,12,21069099,'1',NULL,NULL,NULL,0,0),(4072,'Chiku Ice Cream 100 ml',152,'Chiku Ice Cream 100 ml','8906095990610','1',70,70,18,21050000,'1',NULL,NULL,NULL,0,0),(4075,'Paan Ice Cream 100 ml',152,'Paan Ice Cream 100 ml','8906095990627','1',80,80,18,21050000,'1',NULL,NULL,NULL,0,0),(4107,'DeliciousKhand Butterscotch 500 g',149,'DeliciousKhand Butterscotch 500 g','8906009502526','1',153,153,5,4039090,'1',NULL,NULL,NULL,0,0),(4113,'Pineapple Jam 100 g',162,'Pineapple Jam 100 g','','1',25,25,12,20079930,'1',NULL,NULL,NULL,0,0),(4114,'Pineapple Jam 200 g',162,'Pineapple Jam 200 g','','1',45,45,12,20079930,'1',NULL,NULL,NULL,0,0),(4115,'Strawberry Jam 100 g',162,'Strawberry Jam 100 g','','1',25,25,12,20079990,'1',NULL,NULL,NULL,0,0),(4116,'Strawberry Jam 200 g',162,'Strawberry Jam 200 g','','1',45,45,12,20079990,'1',NULL,NULL,NULL,0,0),(4117,'Tamarind Chutney 100 g',162,'Tamarind Chutney 100 g','','1',20,20,12,21039090,'1',NULL,NULL,NULL,0,0),(4121,'White Dhokla Loose',174,'White Dhokla Loose','0','2',280,280,5,21069099,'1',NULL,NULL,NULL,0,0),(4129,'SITAFAL ICE CREAM 500 ml',152,'SITAFAL ICE CREAM 500 ml','8906095990665','1',385,385,18,21050000,'1',NULL,NULL,NULL,0,0),(4130,'SITAFAL ICE CREAM 100 ml',152,'SITAFAL ICE CREAM 100 ml','8906095990672','1',80,80,18,21050000,'1',NULL,NULL,NULL,0,0),(4132,'Butterscotch No Added Sugar 100 ml',151,'Butterscotch No Added Sugar 100 ml','8906095990641','1',80,80,18,21050000,'1',NULL,NULL,NULL,0,0),(4169,'Pista Choco Bites (Keshar Flavour)',158,'Pista Choco Bites (Keshar Flavour)','0','2',1000,1000,18,18061000,'1',NULL,NULL,NULL,0,0),(4170,'Cashew Choco Bites (Rose Flavour)',158,'Cashew Choco Bites (Rose Flavour)','0','2',1000,1000,18,18061000,'1',NULL,NULL,NULL,0,0),(4175,'Aloo Bhujiya Loose',173,'Aloo Bhujiya Loose','0','2',400,400,5,21069099,'1',NULL,NULL,NULL,0,0),(4192,'Mango Fruit Bar',140,'Mango Fruit Bar','725765229250','1',5,5,12,20071000,'1',NULL,NULL,NULL,0,0),(4193,'Strawberry Fruit Bar',140,'Strawberry Fruit Bar','725765229274','1',5,5,12,20071000,'1',NULL,NULL,NULL,0,0),(4194,'Pineapple Fruit Bar',140,'Pineapple Fruit Bar','735745571668','1',5,5,12,20071000,'1',NULL,NULL,NULL,0,0),(4195,'Orange Fruit Bar',140,'Orange Fruit Bar','725765229243','1',5,5,12,20071000,'1',NULL,NULL,NULL,0,0),(4196,'Imli Fruit Bar',140,'Imli Fruit Bar','725765229298','1',5,5,12,20071000,'1',NULL,NULL,NULL,0,0),(4198,'Lasniya Khakhara 180 g',171,'Lasniya Khakhara 180 g','0','1',75,75,5,21069099,'1',NULL,NULL,NULL,0,0),(4200,'Ragi Khakhara 180 g',171,'Ragi Khakhara 180 g','8906144950084','1',75,75,5,21069099,'1',NULL,NULL,NULL,0,0),(4205,'Fulwadi Loose',169,'Fulwadi Loose','0','2',360,360,5,21069099,'1',NULL,NULL,NULL,0,0),(4206,'Turmeric Ginger Flavoured Milk 200ml',145,'Turmeric Ginger Flavoured Milk 200ml','','1',30,30,12,22029930,'1',NULL,NULL,NULL,0,0),(4207,'Puran Poli (SF)',161,'Puran Poli (SF)','0','1',70,70,5,21069099,'1',NULL,NULL,NULL,0,0),(4208,'Mango Drink 150 ml',145,'Mango Drink 150 ml','','1',25,25,12,20099000,'1',NULL,NULL,NULL,0,0),(4209,'Guava Drink 150 ml',145,'Guava Drink 150 ml','','1',25,25,12,20099000,'1',NULL,NULL,NULL,0,0),(4210,'Matki Shev 250 g',173,'Matki Shev 250 g','846203018561','1',90,90,12,21069099,'1',NULL,NULL,NULL,0,0),(4212,'AGILITEA (Pack of 10)',140,'AGILITEA (Pack of 10)','8908015413230','1',185,185,5,9022090,'1',NULL,NULL,NULL,0,0),(4224,'COOLINGTEA (Pack of 10)',140,'COOLINGTEA (Pack of 10)','8908015413179','1',195,195,5,9022090,'1',NULL,NULL,NULL,0,0),(4225,'DESTRESSTEA (Pack of 10)',140,'DESTRESSTEA (Pack of 10)','8908015413209','1',195,195,5,9022090,'1',NULL,NULL,NULL,0,0),(4226,'DETOXTEA (Pack of 10)',140,'DETOXTEA (Pack of 10)','8908015413186','1',185,185,5,9022090,'1',NULL,NULL,NULL,0,0),(4227,'DIGESTEA (Pack of 10)',140,'DIGESTEA (Pack of 10)','8908015413193','1',195,195,5,9022090,'1',NULL,NULL,NULL,0,0),(4228,'IMMUNITEA (Pack of 10)',140,'IMMUNITEA (Pack of 10)','8908015413247','1',185,185,5,9022090,'1',NULL,NULL,NULL,0,0),(4229,'SENSUALITEA (Pack of 10)',140,'SENSUALITEA (Pack of 10)','8908015413162','1',240,240,5,9022090,'1',NULL,NULL,NULL,0,0),(4230,'Lung Puritea (Pack of 10)',140,'Lung Puritea (Pack of 10)','8908015413216','1',185,185,5,9022090,'1',NULL,NULL,NULL,0,0),(4231,'Methi Masala Khakhra 180 g',171,'Methi Masala Khakhra 180 g','8906144950046','1',75,75,5,21069099,'1',NULL,NULL,NULL,0,0),(4232,'Methi Khakhra 180 g',171,'Methi Khakhra 180 g','8906144950008','1',75,75,5,21069099,'1',NULL,NULL,NULL,0,0),(4233,'Patal Poha Chivda 40 g',170,'Patal Poha Chivda 40 g','0','1',15,15,12,21069099,'1',NULL,NULL,NULL,0,0),(4234,'Farsan 40 g',169,'Farsan 40 g','0','1',15,15,12,21069099,'1',NULL,NULL,NULL,0,0),(4235,'Special Chivda 40 g',170,'Special Chivda 40 g','0','1',15,15,12,21069099,'1',NULL,NULL,NULL,0,0),(4236,'Maka Chivda 40 g',170,'Maka Chivda 40 g','0','1',15,15,12,21069099,'1',NULL,NULL,NULL,0,0),(4238,'Apple Fruit Bar',140,'Apple Fruit Bar','725765229267','1',5,5,12,20071000,'1',NULL,NULL,NULL,0,0),(4239,'Cooking Butter From Cow Milk 500 g',146,'Cooking Butter From Cow Milk 500 g','8906009500393','1',305,305,12,4051000,'1',NULL,NULL,NULL,0,0),(4240,'Cooking Butter White, Unsalted 500 g',146,'Cooking Butter White, Unsalted 500 g','8906009500409','1',305,305,12,4051000,'1',NULL,NULL,NULL,0,0),(4241,'Lasun Khakara 250 g',171,'Lasun Khakara 250 g','0','1',95,95,12,21069099,'1',NULL,NULL,NULL,0,0),(4242,'Sada Masala Khakara 250 g',171,'Sada Masala Khakara 250 g','0','1',95,95,12,21069099,'1',NULL,NULL,NULL,0,0),(4243,'OTH Goda Masala 50 g',142,'OTH Goda Masala 50 g','8908004022009','1',55,55,5,9109100,'1',NULL,NULL,NULL,0,0),(4244,'Kolhapuri Masala 50 gm',142,'Kolhapuri Masala 50 gm','8908004022054','1',50,50,5,9109100,'1',NULL,NULL,NULL,0,0),(4245,'OTH Shahi Garam Masala 50 g',142,'OTH Shahi Garam Masala 50 g','8908004022153','1',130,130,5,9109100,'1',NULL,NULL,NULL,0,0),(4246,'OTH Kanda Lasun Masala 50 g',142,'OTH Kanda Lasun Masala 50 g','8908004022252','1',40,40,5,9109100,'1',NULL,NULL,NULL,0,0),(4248,'Malwani Masala 50 g',142,'Malwani Masala 50 g','8908004022306','1',50,50,5,9109100,'1',NULL,NULL,NULL,0,0),(4249,'OTH Warhadi Masala 50 g',142,'OTH Warhadi Masala 50 g','8908004022351','1',50,50,5,9109100,'1',NULL,NULL,NULL,0,0),(4250,'OTH Kolhapuri Misal Masala 50 g',142,'OTH Kolhapuri Misal Masala 50 g','8908004022375','1',50,50,5,9109100,'1',NULL,NULL,NULL,0,0),(4251,'OTH Pavbhaji Masala 50 g',142,'OTH Pavbhaji Masala 50 g','8908004022399','1',55,55,5,9109100,'1',NULL,NULL,NULL,0,0),(4252,'OTH Saoji Masala 50 g',142,'OTH Saoji Masala 50 g','8908004022122','1',60,60,5,9109100,'1',NULL,NULL,NULL,0,0),(4253,'OTH Jeeravan Masala 50 g',142,'OTH Jeeravan Masala 50 g','8908004022276','1',45,45,5,9109100,'1',NULL,NULL,NULL,0,0),(4256,'OTH Panipuri Masala 50 g',142,'OTH Panipuri Masala 50 g','8908004022382','1',45,45,5,9109100,'1',NULL,NULL,NULL,0,0),(4257,'Chaat Masala 50 g',142,'Chaat Masala 50 g','8908004022405','1',45,45,5,9109100,'1',NULL,NULL,NULL,0,0),(4259,'OTH Garam Masala 50 g',142,'OTH Garam Masala 50 g','8908004022634','1',80,80,5,9109100,'1',NULL,NULL,NULL,0,0),(4260,'OTH Sabji Masala 50 g',142,'OTH Sabji Masala 50 g','8908004022412','1',50,50,5,9109100,'1',NULL,NULL,NULL,0,0),(4261,'OTH Veg Biryani Masala 50 g',142,'OTH Veg Biryani Masala 50 g','8908004022689','1',60,60,5,9109100,'1',NULL,NULL,NULL,0,0),(4262,'OTH Paneer Masala 50 g',142,'OTH Paneer Masala 50 g','8908004022610','1',55,55,5,9109100,'1',NULL,NULL,NULL,0,0),(4263,'OTH Masalebhat Masala 50 g',142,'OTH Masalebhat Masala 50 g','8908004022627','1',55,55,5,9109100,'1',NULL,NULL,NULL,0,0),(4264,'Kala Masala 50 g',142,'Kala Masala 50 g','8908004022603','1',65,65,5,9109100,'1',NULL,NULL,NULL,0,0),(4265,'Kitchen King Masala 50 g',142,'Kitchen King Masala 50 g','8908004022696','1',60,60,5,9109100,'1',NULL,NULL,NULL,0,0),(4266,'Chole Masala 50 g',142,'Chole Masala 50 g','8908004022702','1',55,55,5,9109100,'1',NULL,NULL,NULL,0,0),(4267,'OTH Paneer Tikka Masala 50 g',142,'OTH Paneer Tikka Masala 50 g','8908004022795','1',50,50,5,9109100,'1',NULL,NULL,NULL,0,0),(4268,'OTH Tava Pulav Masala 50 g',142,'OTH Tava Pulav Masala 50 g','8908004022764','1',55,55,5,9109100,'1',NULL,NULL,NULL,0,0),(4270,'OTH Katdare Green Chilli Pickle 200 g',143,'OTH Katdare Green Chilli Pickle 200 g','8906011854422','1',60,60,12,20019000,'1',NULL,NULL,NULL,0,0),(4273,'OTH Katdare Sweet Lime Crush 200 g',143,'OTH Katdare Sweet Lime Crush 200 g','8906011854606','1',60,60,12,20019000,'1',NULL,NULL,NULL,0,0),(4275,'OTH Katdare Thalipith Bhajani 200 g',143,'OTH Katdare Thalipith Bhajani 200 g','8906011854118','1',46,46,5,11063090,'1',NULL,NULL,NULL,0,0),(4276,'OTH Katdare Upwas Bhajani Pith 200 g',143,'OTH Katdare Upwas Bhajani Pith 200 g','8906011854132','1',58,58,5,21069099,'1',NULL,NULL,NULL,0,0),(4277,'OTH Katdare Kadipatta Chutney 50 g',143,'OTH Katdare Kadipatta Chutney 50 g','8906011854828','1',28,28,5,21069099,'1',NULL,NULL,NULL,0,0),(4279,'OTH Katdare Til Chutney 100 g',143,'OTH Katdare Til Chutney 100 g','8906011851025','1',60,60,5,21069099,'1',NULL,NULL,NULL,0,0),(4280,'OTH Katdare Vadapan Chutney 50 g',143,'OTH Katdare Vadapan Chutney 50 g','8906011854811','1',26,26,5,21069099,'1',NULL,NULL,NULL,0,0),(4286,'OTH Kokam Syrup 1 Ltr',141,'OTH Kokam Syrup 1 Ltr','0','1',180,180,12,21069050,'1',NULL,NULL,NULL,0,0),(4288,'OTH Aaharam Foods Gulkand 200 g',141,'OTH Aaharam Foods Gulkand 200 g','0','1',125,125,12,21069099,'1',NULL,NULL,NULL,0,0),(4290,'Barve Kharwas 200 g',144,'Barve Kharwas 200 g','0','1',85,85,5,4049000,'1',NULL,NULL,NULL,0,0),(4292,'OTH Dabar Honey 500 g',144,'OTH Dabar Honey 500 g','0','1',199,199,5,17029030,'1',NULL,NULL,NULL,0,0),(4296,'OTH Nasale Shenga Chutney 200 g',144,'OTH Nasale Shenga Chutney 200 g','915648359901','1',80,80,12,20049000,'1',NULL,NULL,NULL,0,0),(4297,'OTH Nasale Shenga Chutney 400 g',144,'OTH Nasale Shenga Chutney 400 g','0','1',135,135,12,20049000,'1',NULL,NULL,NULL,0,0),(4298,'OTH Nasale Javas Chutney 100 g',144,'OTH Nasale Javas Chutney 100 g','0','1',40,40,12,20049000,'1',NULL,NULL,NULL,0,0),(4300,'OTH Nasale Lasun Khobra Chutney 100 g',144,'OTH Nasale Lasun Khobra Chutney 100 g','0','1',36,36,12,20049000,'1',NULL,NULL,NULL,0,0),(4303,'OTH Panipuri Khakhara 180 g',171,'OTH Panipuri Khakhara 180 g','8906144950138','1',75,75,5,21069099,'1',NULL,NULL,NULL,0,0),(4304,'Pav bhaji Khakhara 180 g',171,'Pav bhaji Khakhara 180 g','8906144950176','1',75,75,5,21069099,'1',NULL,NULL,NULL,0,0),(4305,'Plain Khakhara 180 g',171,'Plain Khakhara 180 g','8906144950039','1',75,75,5,21069099,'1',NULL,NULL,NULL,0,0),(4306,'OTH Periperi Khakhara 180 g',171,'OTH Periperi Khakhara 180 g','0','1',75,75,5,21069099,'1',NULL,NULL,NULL,0,0),(4307,'OTH Bajra Khakhara 180 g',171,'OTH Bajra Khakhara 180 g','8906144950121','1',75,75,5,21069099,'1',NULL,NULL,NULL,0,0),(4308,'OTH Chatpata Mung Khakhara 180 g',171,'OTH Chatpata Mung Khakhara 180 g','8906144950091','1',75,75,5,21069099,'1',NULL,NULL,NULL,0,0),(4310,'OTH Kokan Foods Kokam Agal 500 ml',141,'OTH Kokan Foods Kokam Agal 500 ml','0','1',90,90,5,21069019,'1',NULL,NULL,NULL,0,0),(4320,'OTH Saffron (Keshar) 0.5 g',144,'OTH Saffron (Keshar) 0.5 g','8908004022719','1',220,220,5,9109100,'1',NULL,NULL,NULL,0,0),(4322,'OTH Bhave Msala Suvasik 100 g',141,'OTH Bhave Msala Suvasik 100 g','8908017967038','1',80,80,18,21069099,'1',NULL,NULL,NULL,0,0),(4323,'OTH Bhave Pachak 100 g',141,'OTH Bhave Pachak 100 g','8908017967052','1',70,70,18,21069099,'1',NULL,NULL,NULL,0,0),(4326,'OTH Bhave Kajur Pan 50 g',141,'OTH Bhave Kajur Pan 50 g','0','1',30,30,18,21069099,'1',NULL,NULL,NULL,0,0),(4327,'OTH Bhave Amala Supari 50 g',141,'OTH Bhave Amala Supari 50 g','8908017967137','1',30,30,18,21069099,'1',NULL,NULL,NULL,0,0),(4328,'OTH Bhave Masala Pan 50 g',141,'OTH Bhave Masala Pan 50 g','8908017967090','1',30,30,18,21069099,'1',NULL,NULL,NULL,0,0),(4330,'OTH Bhave Mix Badishep 50 g',141,'OTH Bhave Mix Badishep 50 g','8908012427117','1',30,30,18,21069099,'1',NULL,NULL,NULL,0,0),(4331,'OTH Bhave Mukhshudhi 50 g',141,'OTH Bhave Mukhshudhi 50 g','8908012427131','1',30,30,18,21069099,'1',NULL,NULL,NULL,0,0),(4332,'OTH Bhave Masala Badiship 100 g',141,'OTH Bhave Masala Badiship 100 g','8908017967014','1',60,60,18,21069099,'1',NULL,NULL,NULL,0,0),(4333,'OTH Bhave Masala Suvasik 50 g',141,'OTH Bhave Masala Suvasik 50 g','8908017967021','1',40,40,18,21069099,'1',NULL,NULL,NULL,0,0),(4334,'OTH Bhave Pachak 50 g',141,'OTH Bhave Pachak 50 g','8908017967045','1',35,35,18,21069099,'1',NULL,NULL,NULL,0,0),(4335,'OTH Gavran Maratha 50 g',142,'OTH Gavran Maratha 50 g','8908004022108','1',50,50,5,9109100,'1',NULL,NULL,NULL,0,0),(4338,'OTH Sai Enterprises Kaju Kand 100 g',144,'OTH Sai Enterprises Kaju Kand 100 g','8906040490011','1',80,80,5,21060000,'1',NULL,NULL,NULL,0,0),(4339,'OTH Madina Dates 500 g',144,'OTH Madina Dates 500 g','8906040490011','1',155,155,12,8041020,'1',NULL,NULL,NULL,0,0),(4341,'OTH Aammi Dates 500 g',144,'OTH Aammi Dates 500 g','8908013421015','1',165,165,12,8041020,'1',NULL,NULL,NULL,0,0),(4346,'OTH Dry Kiwi',144,'OTH Dry Kiwi','0','2',800,800,5,21069099,'1',NULL,NULL,NULL,0,0),(4347,'OTH Green Pista',144,'OTH Green Pista','0','2',2400,2400,5,8021100,'1',NULL,NULL,NULL,0,0),(4348,'Steam Modak with saffron',143,'Steam Modak with saffron','0','1',30,30,5,21069099,'1',NULL,NULL,NULL,0,0),(4350,'Jambhul Honey 200 g',144,'Jambhul Honey 200 g','8908000690097','1',220,220,5,21069099,'1',NULL,NULL,NULL,0,0),(4351,'Sweet Awala',141,'Sweet Awala','0','2',400,400,18,12119099,'1',NULL,NULL,NULL,0,0),(4352,'Awala Syrup 500 ml',141,'Awala Syrup 500 ml','0','1',100,100,12,21069099,'1',NULL,NULL,NULL,0,0),(4353,'Katdare Thalipeeth Bhajani 500 g',143,'Katdare Thalipeeth Bhajani 500 g','8906011854125','1',115,115,5,11063090,'1',NULL,NULL,NULL,0,0),(4354,'Kalami Afghan Khajur',140,'Kalami Afghan Khajur','0','2',680,680,12,8131000,'1',NULL,NULL,NULL,0,0),(4355,'Tamarind Chutney 8 g',162,'Tamarind Chutney 8 g','','1',2,2,12,21039090,'1',NULL,NULL,NULL,0,0),(4357,'OTH Satmaha Multifloral Honey 200 g',144,'OTH Satmaha Multifloral Honey 200 g','8908000690035','1',145,145,5,4090000,'1',NULL,NULL,NULL,0,0),(4358,'OTH Satmaha Multifloral Honey 500 g',144,'OTH Satmaha Multifloral Honey 500 g','8908000690028','1',300,300,5,4090000,'1',NULL,NULL,NULL,0,0),(4359,'OTH Satmaha Gulkand 250 g',141,'OTH Satmaha Gulkand 250 g','8908000690363','1',190,190,12,20060000,'1',NULL,NULL,NULL,0,0),(4360,'OTH Satmaha Gulkand 500 g',141,'OTH Satmaha Gulkand 500 g','8908000690356','1',330,330,12,20060000,'1',NULL,NULL,NULL,0,0),(4364,'OTH Jowar Khakhara 180 g',171,'OTH Jowar Khakhara 180 g','0','1',75,75,5,90992106,'1',NULL,NULL,NULL,0,0),(4365,'OTH Bajara Methi Khakara 180 g',171,'OTH Bajara Methi Khakara 180 g','8906144950121','1',75,75,5,21069099,'1',NULL,NULL,NULL,0,0),(4366,'OTH Punjabi Khakara 180 g',171,'OTH Punjabi Khakara 180 g','0','1',75,75,5,21069099,'1',NULL,NULL,NULL,0,0),(4379,'Empty Window Box',159,'Empty Window Box','0','1',30,30,18,48191010,'1',NULL,NULL,NULL,0,0),(4382,'MANGO DRYFRUIT ROLL',158,'MANGO DRYFRUIT ROLL','0','2',740,740,5,21069099,'1',NULL,NULL,NULL,0,0),(4383,'Mango Sandwich',158,'Mango Sandwich','0','2',640,640,5,21069099,'1',NULL,NULL,NULL,0,0),(4394,'Keshar Naral Burfi',168,'Keshar Naral Burfi','0','2',600,600,5,21069099,'1',NULL,NULL,NULL,0,0),(4415,'Gold Modak',167,'Gold Modak','0','2',3680,3680,5,21069099,'1',NULL,NULL,NULL,0,0),(4416,'Silver Modak',167,'Silver Modak','0','2',1280,1280,5,21069099,'1',NULL,NULL,NULL,0,0),(4417,'Pasteurised Cooking Butter 200 g (Cow)',146,'Pasteurised Cooking Butter 200 g (Cow)','8906009500416','1',125,125,12,4051000,'1',NULL,NULL,NULL,0,0),(4418,'Pasteurised Cooking Butter 200 g',146,'Pasteurised Cooking Butter 200 g','8906009500430','1',125,125,12,4051000,'1',NULL,NULL,NULL,0,0),(4442,'Instant Sevai Kheer Mix (Vermicelli)100G',147,'Instant Sevai Kheer Mix (Vermicelli)100G','','1',65,65,18,21069099,'1',NULL,NULL,NULL,0,0),(4443,'Instant Sevai Kheer Mix (Vermicelli)200G',147,'Instant Sevai Kheer Mix (Vermicelli)200G','','1',120,120,18,21069099,'1',NULL,NULL,NULL,0,0),(4466,'Utsav Fancy Box 500 G',168,'Utsav Fancy Box 500 G','0','1',600,600,5,21069099,'1',NULL,NULL,NULL,0,0),(4467,'Utsav Fancy Box 1 Kg',168,'Utsav Fancy Box 1 Kg','0','1',1200,1200,5,21069099,'1',NULL,NULL,NULL,0,0),(4468,'Diwali Sp. Fancy Box 500 G',165,'Diwali Sp. Fancy Box 500 G','0','1',600,600,5,21069099,'1',NULL,NULL,NULL,0,0),(4478,'Petha 250 g',144,'Petha 250 g','0','1',100,100,5,21069099,'1',NULL,NULL,NULL,0,0),(4482,'Gul Papdi',158,'Gul Papdi','0','2',700,700,5,21069099,'1',NULL,NULL,NULL,0,0),(4487,'Chitale Blueberry Ice Cream 500 ml',151,'Chitale Blueberry Ice Cream 500 ml','8906095990474','1',385,385,18,21050000,'1',NULL,NULL,NULL,0,0),(4488,'Chitale Blueberry Ice Cream 100 ml',151,'Chitale Blueberry Ice Cream 100 ml','8906095990481','1',80,80,18,21050000,'1',NULL,NULL,NULL,0,0),(4519,'Legacy Pack Sec. Cart',159,'Legacy Pack Sec. Cart','0','1',40,40,12,48191010,'1',NULL,NULL,NULL,0,0),(4523,'Bakarwadi Easy Carry Pack',169,'Bakarwadi Easy Carry Pack','846203001853','1',60,60,12,21069099,'1',NULL,NULL,NULL,0,0),(4524,'test2 irem',0,'test2 irem','1111','1',111,111,12,1212111,'1',NULL,NULL,NULL,0,0),(4525,'Bakarwadi 3 Pcs Tower',0,'Bakarwadi 3 Pcs Tower','846203001037','1',300,300,12,21069099,'1',NULL,NULL,NULL,0,0),(4526,'Bakarwadi 500 g Tray',169,'Bakarwadi 500 g Tray','846203081695','1',210,210,12,21069099,'1',NULL,NULL,NULL,0,0),(4527,'Bakarwadi N-3 Pieces',169,'Bakarwadi N-3 Pieces','846203000856','1',15,15,12,21069099,'1',NULL,NULL,NULL,0,0),(4528,'Test Product 2',0,'Test Product 2','1236547895','1',60,60,5,456987,'1',NULL,NULL,NULL,0,0),(4529,'Bakarwadi 250 g PP',169,'Bakarwadi 250 g PP','846203003055','1',100,100,12,21069099,'1',NULL,NULL,NULL,0,0),(4530,'Bakarwadi 500 g PP',169,'Bakarwadi 500 g PP','846203003062','1',190,190,12,21069099,'1',NULL,NULL,NULL,0,0),(4531,'Chakli 200 g Box',169,'Chakli 200 g Box','846203002683','1',100,100,12,21069099,'1',NULL,NULL,NULL,0,0),(4532,'Jwari Lahi Chivda 100 g',170,'Jwari Lahi Chivda 100 g','8462030018150','1',35,35,12,21069099,'1',NULL,NULL,NULL,0,0),(4533,'Lite Chivda 200 g',170,'Lite Chivda 200 g','846203018646','1',75,75,12,21069099,'1',NULL,NULL,NULL,0,0),(4534,'Maka Chivda 200 g',170,'Maka Chivda 200 g','846203000337','1',85,85,12,21069099,'1',NULL,NULL,NULL,0,0),(4535,'Murmure Poha Chivda 200 g',170,'Murmure Poha Chivda 200 g','846203000108','1',75,75,12,21069099,'1',NULL,NULL,NULL,0,0),(4536,'Patal Poha Chivda 200 g',170,'Patal Poha Chivda 200 g','846203001150','1',75,75,12,21069099,'1',NULL,NULL,NULL,0,0),(4537,'Patal Poha Chivda 500 g',170,'Patal Poha Chivda 500 g','846203081831','1',180,180,12,21069099,'1',NULL,NULL,NULL,0,0),(4538,'Potato Chivda 200 g',170,'Potato Chivda 200 g','846203000436','1',120,120,12,21069099,'1',NULL,NULL,NULL,0,0),(4539,'Potato Chivda 500 g',170,'Potato Chivda 500 g','846203081824','1',290,290,12,21069099,'1',NULL,NULL,NULL,0,0),(4540,'Special Chivda 200 g',170,'Special Chivda 200 g','846203000238','1',85,85,12,21069099,'1',NULL,NULL,NULL,0,0),(4541,'Special Chivda 500 g',170,'Special Chivda 500 g','846203000252','1',210,210,12,21069099,'1',NULL,NULL,NULL,0,0),(4542,'Tikhat Potato Chivda 200 g',170,'Tikhat Potato Chivda 200 g','846203000634','1',100,100,12,21069099,'1',NULL,NULL,NULL,0,0),(4543,'Vijapuri Poha Chivda 200 g',170,'Vijapuri Poha Chivda 200 g','846203001877','1',68,68,12,21069099,'1',NULL,NULL,NULL,0,0),(4544,'Farsan 200 g',169,'Farsan 200 g','846203002799','1',72,72,12,21069099,'1',NULL,NULL,NULL,0,0),(4545,'Farsan 500 g',169,'Farsan 500 g','846203081756','1',175,175,12,21069099,'1',NULL,NULL,NULL,0,0),(4546,'Kadboli 200 g (Pack)',169,'Kadboli 200 g (Pack)','846203001952','1',90,90,12,21069099,'1',NULL,NULL,NULL,0,0),(4547,'Tasty Nuts 150 g',172,'Tasty Nuts 150 g','846203003086','1',75,75,12,21069099,'1',NULL,NULL,NULL,0,0),(4548,'Gathi 200 g',169,'Gathi 200 g','846203001587','1',72,72,12,21069099,'1',NULL,NULL,NULL,0,0),(4549,'Papdi 200 g',169,'Papdi 200 g','846203001594','1',72,72,12,21069099,'1',NULL,NULL,NULL,0,0),(4550,'Khari Bundi 200 g',169,'Khari Bundi 200 g','846203000726','1',72,72,12,21069099,'1',NULL,NULL,NULL,0,0),(4551,'Chana Chaat Samosa 200 g',174,'Chana Chaat Samosa 200 g','846203002751','1',110,110,12,21069099,'1',NULL,NULL,NULL,0,0),(4552,'Shankarpali 200 g',169,'Shankarpali 200 g','846203001259','1',68,68,5,21069099,'1',NULL,NULL,NULL,0,0),(4553,'Tomato Shev 200 g',173,'Tomato Shev 200 g','846203002096','1',72,72,12,21069099,'1',NULL,NULL,NULL,0,0),(4554,'Tikhat Shev 200 g',173,'Tikhat Shev 200 g','846203001228','1',72,72,12,21069099,'1',NULL,NULL,NULL,0,0),(4555,'Shev 200 g',173,'Shev 200 g','846203000825','1',72,72,12,21069099,'1',NULL,NULL,NULL,0,0),(4556,'Potato Shev 200 g',173,'Potato Shev 200 g','846203002003','1',75,75,12,21069099,'1',NULL,NULL,NULL,0,0),(4557,'Palak Shev 250 g',173,'Palak Shev 250 g','846203081800','1',90,90,12,21069099,'1',NULL,NULL,NULL,0,0),(4558,'Masala Shev 200 g',173,'Masala Shev 200 g','846203000078','1',72,72,12,21069099,'1',NULL,NULL,NULL,0,0),(4559,'Lasun Shev 250 g',173,'Lasun Shev 250 g','846203018578','1',90,90,12,21069099,'1',NULL,NULL,NULL,0,0),(4560,'Bikaner Shev 250 g',173,'Bikaner Shev 250 g','846203018561','1',90,90,12,21069099,'1',NULL,NULL,NULL,0,0),(4561,'Bhavnagri Shev 200 g',173,'Bhavnagri Shev 200 g','846203001570','1',72,72,12,21069099,'1',NULL,NULL,NULL,0,0),(4562,'0 No Shev 200 g',173,'0 No Shev 200 g','846203000061','1',72,72,12,21069099,'1',NULL,NULL,NULL,0,0),(4563,'Chakli Sticks 200 g',169,'Chakli Sticks 200 g','846203003307','1',85,85,12,21069099,'1',NULL,NULL,NULL,0,0),(4564,'Soya Stick 200 g',169,'Soya Stick 200 g','846203001808','1',84,84,12,21069099,'1',NULL,NULL,NULL,0,0),(4565,'Mung Dal 200 g',169,'Mung Dal 200 g','846203000733','1',92,92,12,21069099,'1',NULL,NULL,NULL,0,0),(4566,'Dal Muth 200 g',169,'Dal Muth 200 g','846203000085','1',72,72,12,21069099,'1',NULL,NULL,NULL,0,0),(4567,'Chana Dal 200 g',169,'Chana Dal 200 g','846203000092','1',72,72,12,21069099,'1',NULL,NULL,NULL,0,0),(4568,'Mung Dal 150 g',169,'Mung Dal 150 g','846203003529','1',70,70,12,21069099,'1',NULL,NULL,NULL,0,0),(4569,'Dal Muth 150 g',169,'Dal Muth 150 g','846203003505','1',60,60,12,21069099,'1',NULL,NULL,NULL,0,0),(4570,'Chana Dal 150 g',169,'Chana Dal 150 g','846203003512','1',60,60,12,21069099,'1',NULL,NULL,NULL,0,0),(4571,'Soanpapdi 200 g',164,'Soanpapdi 200 g','846203000399','1',130,130,5,21069099,'1',NULL,NULL,NULL,0,0),(4572,'Soanpapdi 400 g',164,'Soanpapdi 400 g','846203000405','1',190,190,5,21069099,'1',NULL,NULL,NULL,0,0),(4573,'Blueberry Soanpapdi 200 g',164,'Blueberry Soanpapdi 200 g','846203000498','1',145,145,5,21069099,'1',NULL,NULL,NULL,0,0),(4574,'Blueberry Soanpapdi 400 g',164,'Blueberry Soanpapdi 400 g','846203000504','1',220,220,5,21069099,'1',NULL,NULL,NULL,0,0),(4575,'Soan papdi Chatpata Mango Flavour 200 g',164,'Soan papdi Chatpata Mango Flavour 200 g','846203000771','1',110,110,5,21069099,'1',NULL,NULL,NULL,0,0),(4576,'Soan Papdi Chilli Guava Flavour 200 g',164,'Soan Papdi Chilli Guava Flavour 200 g','846203000795','1',120,120,5,21069099,'1',NULL,NULL,NULL,0,0),(4577,'Cranberry Soanpapdi 200 g',164,'Cranberry Soanpapdi 200 g','846203000474','1',135,135,5,21069099,'1',NULL,NULL,NULL,0,0),(4578,'Cranberry Soanpapdi 400 g',164,'Cranberry Soanpapdi 400 g','846203000481','1',200,200,5,21069099,'1',NULL,NULL,NULL,0,0),(4579,'Mango Flavoured Soanpapadi 200 g',164,'Mango Flavoured Soanpapadi 200 g','846203000931','1',130,130,5,21069099,'1',NULL,NULL,NULL,0,0),(4580,'Mango Flavoured Soanpapadi 400 g',164,'Mango Flavoured Soanpapadi 400 g','846203000740','1',190,190,5,21069099,'1',NULL,NULL,NULL,0,0),(4581,'Orange Flavoured Soanpapdi 200 g',164,'Orange Flavoured Soanpapdi 200 g','846203000450','1',130,130,5,21069099,'1',NULL,NULL,NULL,0,0),(4582,'Orange Flavoured Soanpapdi 400 g',164,'Orange Flavoured Soanpapdi 400 g','846203000467','1',190,190,5,21069099,'1',NULL,NULL,NULL,0,0),(4583,'Royal Anjeer Soanpapdi 200 g',164,'Royal Anjeer Soanpapdi 200 g','846203000832','1',145,145,5,21069099,'1',NULL,NULL,NULL,0,0),(4584,'Soan Papdi Royal Anjeer 400 g',164,'Soan Papdi Royal Anjeer 400 g','846203000849','1',220,220,5,21069099,'1',NULL,NULL,NULL,0,0),(4585,'Kaju Badam Roll 250 g',160,'Kaju Badam Roll 250 g','846203001327','1',275,275,5,21069099,'1',NULL,NULL,NULL,0,0),(4586,'Kaju Katli 250 g',160,'Kaju Katli 250 g','846203000757','1',265,265,5,21069099,'1',NULL,NULL,NULL,0,0),(4587,'Kaju Katli 500 g',160,'Kaju Katli 500 g','846203000764','1',500,500,5,21069099,'1',NULL,NULL,NULL,0,0),(4588,'Kesar Kaju Katli 250 g',160,'Kesar Kaju Katli 250 g','846203001112','1',275,275,5,21069099,'1',NULL,NULL,NULL,0,0),(4589,'Pista Kaju Katli 250 g',160,'Pista Kaju Katli 250 g','846203001280','1',275,275,5,21069099,'1',NULL,NULL,NULL,0,0),(4590,'Rose Flavoured Katli 250 g',160,'Rose Flavoured Katli 250 g','846203001297','1',265,265,5,21069099,'1',NULL,NULL,NULL,0,0),(4591,'Kaju Katli 80 g',160,'Kaju Katli 80 g','846203003819','1',100,100,5,21069099,'1',NULL,NULL,NULL,0,0),(4592,'Mango Burfi 250 g',160,'Mango Burfi 250 g','846203000375','1',235,235,5,21069099,'1',NULL,NULL,NULL,0,0),(4593,'Mango Burfi 500 g',160,'Mango Burfi 500 g','846203000382','1',440,440,5,21069099,'1',NULL,NULL,NULL,0,0),(4594,'Test product for POS',0,'Test product for POS','1236547890','1',71,71,5,569845,'1',NULL,NULL,NULL,0,0),(4595,'Mango Burfi 100 g',160,'Mango Burfi 100 g','846203003826','1',100,100,5,21069099,'1',NULL,NULL,NULL,0,0),(4596,'Chitale Blueberry Baklava 250 g',0,'Chitale Blueberry Baklava 250 g','846203003116','1',500,500,18,19053100,'1',NULL,NULL,NULL,0,0),(4597,'Chitale Blueberry Baklava 200 g',160,'Chitale Blueberry Baklava 200 g','846203003406','1',500,500,18,19053100,'1',NULL,NULL,NULL,0,0),(4598,'Chitale Cranberry Baklava 250 g',0,'Chitale Cranberry Baklava 250 g','846203003109','1',500,500,18,19053100,'1',NULL,NULL,NULL,0,0),(4599,'Chitale Cranberry Baklava 200 g',160,'Chitale Cranberry Baklava 200 g','846203003390','1',500,500,18,19053100,'1',NULL,NULL,NULL,0,0),(4600,'Chitale Pista Baklava 250 g',0,'Chitale Pista Baklava 250 g','846203003093','1',590,590,18,19053100,'1',NULL,NULL,NULL,0,0),(4601,'Chitale Pista Baklava 200 g',160,'Chitale Pista Baklava 200 g','846203003383','1',590,590,18,19053100,'1',NULL,NULL,NULL,0,0),(4602,'Banana Chips Regular Salty 150 g',172,'Banana Chips Regular Salty 150 g','846203001884','1',80,80,12,20089999,'1',NULL,NULL,NULL,0,0),(4603,'Banana Chips Salt And Pepper 125 g',172,'Banana Chips Salt And Pepper 125 g','846203001891','1',60,60,12,20089999,'1',NULL,NULL,NULL,0,0),(4604,'Banana Chips Spicy Masala 125 g',172,'Banana Chips Spicy Masala 125 g','846203001907','1',60,60,12,20089999,'1',NULL,NULL,NULL,0,0),(4605,'Banana Chips Twisted Masala 125 g',172,'Banana Chips Twisted Masala 125 g','846203001914','1',60,60,12,20089999,'1',NULL,NULL,NULL,0,0),(4606,'Assortment Binge Bar',173,'Assortment Binge Bar','846203003147','1',100,100,12,21069099,'1',NULL,NULL,NULL,0,0),(4607,'Chitale Delight',168,'Chitale Delight','846203003154','1',100,100,12,21069099,'1',NULL,NULL,NULL,0,0),(4608,'Bhel Bar 12 g',173,'Bhel Bar 12 g','846203001921','1',10,10,12,21069099,'1',NULL,NULL,NULL,0,0),(4609,'Lemon Bhel Bar 12 g',173,'Lemon Bhel Bar 12 g','846203001938','1',10,10,12,21069099,'1',NULL,NULL,NULL,0,0),(4610,'Lite Chivda Bar 16 g',173,'Lite Chivda Bar 16 g','846203001945','1',10,10,12,21069099,'1',NULL,NULL,NULL,0,0),(4611,'Farali Chivda Bar 20 g',173,'Farali Chivda Bar 20 g','846203003253','1',12,12,12,21069099,'1',NULL,NULL,NULL,0,0),(4612,'Badam Burfi 250 g',160,'Badam Burfi 250 g','846203001303','1',220,220,5,21069099,'1',NULL,NULL,NULL,0,0),(4613,'Pista Burfi 250 g',160,'Pista Burfi 250 g','846203001310','1',220,220,5,21069099,'1',NULL,NULL,NULL,0,0),(4614,'Malai Mysore Pak 250 g',160,'Malai Mysore Pak 250 g','846203002348','1',220,220,5,21069099,'1',NULL,NULL,NULL,0,0),(4615,'Mysore Pak 11 Pcs Box',168,'Mysore Pak 11 Pcs Box','846203003536','1',80,80,5,21069099,'1',NULL,NULL,NULL,0,0),(4616,'Assorted Dry Fruit Chikki Box 210 g',161,'Assorted Dry Fruit Chikki Box 210 g','846203000009','1',250,250,5,17021910,'1',NULL,NULL,NULL,0,0),(4617,'Chikki Sesame 28 g',161,'Chikki Sesame 28 g','846203003192','1',15,15,5,21069099,'1',NULL,NULL,NULL,0,0),(4618,'Dryfruit & Caramel Chikki 28 g',161,'Dryfruit & Caramel Chikki 28 g','846203000863','1',25,25,5,17021910,'1',NULL,NULL,NULL,0,0),(4619,'Dryfruit & Chocolate Chikki 28 g',161,'Dryfruit & Chocolate Chikki 28 g','846203000870','1',25,25,5,17021910,'1',NULL,NULL,NULL,0,0),(4620,'Dryfruit & Elaichi Chikki 28 g',161,'Dryfruit & Elaichi Chikki 28 g','846203000887','1',30,30,5,17021910,'1',NULL,NULL,NULL,0,0),(4621,'Dryfruit & Gulkand Chikki 28 g',161,'Dryfruit & Gulkand Chikki 28 g','846203000894','1',25,25,5,17021910,'1',NULL,NULL,NULL,0,0),(4622,'Dryfruit & Vanilla Chikki 28 g',161,'Dryfruit & Vanilla Chikki 28 g','846203000900','1',25,25,5,17021910,'1',NULL,NULL,NULL,0,0),(4623,'Rajgira Bites 200 g',163,'Rajgira Bites 200 g','846203003246','1',90,90,5,21069099,'1',NULL,NULL,NULL,0,0),(4624,'Rajgira Ladoo 200 g',163,'Rajgira Ladoo 200 g','846203001976','1',75,75,5,21069099,'1',NULL,NULL,NULL,0,0),(4625,'Rajgira Wadi 200 g',163,'Rajgira Wadi 200 g','846203001969','1',75,75,5,21069099,'1',NULL,NULL,NULL,0,0),(4626,'Shengdana Chikki 200 g',161,'Shengdana Chikki 200 g','846203081862','1',75,75,5,21069099,'1',NULL,NULL,NULL,0,0),(4627,'Shengdana Crush Chikki 200 g',161,'Shengdana Crush Chikki 200 g','846203002898','1',75,75,5,21069099,'1',NULL,NULL,NULL,0,0),(4628,'Chitale Nankhatai 200 g',163,'Chitale Nankhatai 200 g','846203003291','1',135,135,18,21069099,'1',NULL,NULL,NULL,0,0),(4629,'Smart Cookies Peanuts- Millets 200 g',163,'Smart Cookies Peanuts- Millets 200 g','846203002867','1',130,130,18,19053100,'1',NULL,NULL,NULL,0,0),(4630,'Smart Cookies Ragi-Bajra-Jowar 200 g',163,'Smart Cookies Ragi-Bajra-Jowar 200 g','846203002874','1',130,130,18,19053100,'1',NULL,NULL,NULL,0,0),(4631,'Smart Cookies Seeds-Nuts-Chocolate 200 g',163,'Smart Cookies Seeds-Nuts-Chocolate 200 g','846203002881','1',160,160,18,19053100,'1',NULL,NULL,NULL,0,0),(4632,'Chitale Shrewsbury Cookies 200 g',163,'Chitale Shrewsbury Cookies 200 g','846203003284','1',155,155,18,21069099,'1',NULL,NULL,NULL,0,0),(4633,'Burfi Mania 500 g',165,'Burfi Mania 500 g','846203001709','1',520,520,5,21069099,'1',NULL,NULL,NULL,0,0),(4634,'Diwali Faral Pack 1200 g',165,'Diwali Faral Pack 1200 g','846203000368','1',560,560,12,21069099,'1',NULL,NULL,NULL,0,0),(4635,'Diwali Faral Box 1250 g',165,'Diwali Faral Box 1250 g','846203002355','1',600,600,12,21069099,'1',NULL,NULL,NULL,0,0),(4636,'Diwali Faral Pack 850 g',165,'Diwali Faral Pack 850 g','846203001440','1',470,470,12,21069099,'1',NULL,NULL,NULL,0,0),(4637,'Legacy Pack 500 g',165,'Legacy Pack 500 g','846203003079','1',375,375,12,21069099,'1',NULL,NULL,NULL,0,0),(4638,'Nostalgia Pack 500 g',165,'Nostalgia Pack 500 g','846203001457','1',400,400,12,21069099,'1',NULL,NULL,NULL,0,0),(4639,'Outside The Box 420 g',165,'Outside The Box 420 g','846203002430','1',400,400,12,21069099,'1',NULL,NULL,NULL,0,0),(4640,'Royal Carnival Pack 800 g',165,'Royal Carnival Pack 800 g','842603001464','1',680,680,12,21069099,'1',NULL,NULL,NULL,0,0),(4641,'Royal Katli Combo 250 g',165,'Royal Katli Combo 250 g','846203002195','1',280,280,5,21069099,'1',NULL,NULL,NULL,0,0),(4642,'Royal Katli Combo Pack 500 g',165,'Royal Katli Combo Pack 500 g','846203001716','1',550,550,5,21069099,'1',NULL,NULL,NULL,0,0),(4643,'Special Burfi Combo 250 g',165,'Special Burfi Combo 250 g','846203002201','1',260,260,5,21069099,'1',NULL,NULL,NULL,0,0),(4644,'Super Ecstasy Pack 550 g',165,'Super Ecstasy Pack 550 g','846203002393','1',450,450,12,21069099,'1',NULL,NULL,NULL,0,0),(4645,'Sweet Temptation 500 g',165,'Sweet Temptation 500 g','846203001730','1',450,450,5,21069099,'1',NULL,NULL,NULL,0,0),(4646,'Happiness Pack 1650 g',165,'Happiness Pack 1650 g','846203001471','1',1100,1100,12,21069099,'1',NULL,NULL,NULL,0,0),(4647,'Spl Mysore Pak 33 Pcs Box',168,'Spl Mysore Pak 33 Pcs Box','846203003567','1',400,400,5,21069099,'1',NULL,NULL,NULL,0,0),(4648,'Spl Mysore Pak 11 Pcs Box',168,'Spl Mysore Pak 11 Pcs Box','846203003550','1',135,135,5,21069099,'1',NULL,NULL,NULL,0,0),(4649,'Mysore Pak 33 Pcs Box',168,'Mysore Pak 33 Pcs Box','846203003543','1',240,240,5,21069099,'1',NULL,NULL,NULL,0,0),(4650,'Uphar Celebrate Happiness 256 g',165,'Uphar Celebrate Happiness 256 g','846203003574','1',275,275,12,21069099,'1',NULL,NULL,NULL,0,0),(4651,'Bakarwadi Gift Box 400 g',165,'Bakarwadi Gift Box 400 g','846203003772','1',190,190,12,21069099,'1',NULL,NULL,NULL,0,0),(4652,'Chakli Gift Box 400 g',165,'Chakli Gift Box 400 g','846203003789','1',180,180,12,21069099,'1',NULL,NULL,NULL,0,0),(4653,'Mysore Pak Gift Box 500 g',165,'Mysore Pak Gift Box 500 g','846203003727','1',180,180,18,21069099,'1',NULL,NULL,NULL,0,0),(4654,'Shankarpali Gift Box 500 g',165,'Shankarpali Gift Box 500 g','846203003741','1',200,200,5,21069099,'1',NULL,NULL,NULL,0,0),(4655,'Special Chivda Gift Box 400 g',165,'Special Chivda Gift Box 400 g','846203003758','1',200,200,12,21069099,'1',NULL,NULL,NULL,0,0),(4656,'Tikhat Shev Gift Box 250 g',165,'Tikhat Shev Gift Box 250 g','846203003734','1',120,120,12,21069099,'1',NULL,NULL,NULL,0,0),(4657,'Shahi Motichur Ladoo 670g Gift Pack',165,'Shahi Motichur Ladoo 670g Gift Pack','846203003796','1',350,350,5,21069099,'1',NULL,NULL,NULL,0,0),(4658,'Kadboli 300g Gift Pack',165,'Kadboli 300g Gift Pack','846203003802','1',150,150,5,21069099,'1',NULL,NULL,NULL,0,0),(4659,'Special Burfi Combo 500 g',165,'Special Burfi Combo 500 g','846203003895','1',500,500,5,21069099,'1',NULL,NULL,NULL,0,0),(4660,'Festive Treat Pack 430 g',165,'Festive Treat Pack 430 g','846203003864','1',375,375,12,21069099,'1',NULL,NULL,NULL,0,0),(4661,'Delights pack 1130 g',165,'Delights pack 1130 g','846203003888','1',600,600,12,21069099,'1',NULL,NULL,NULL,0,0),(4662,'Royal Treats pack 950 g',165,'Royal Treats pack 950 g','846203003901','1',800,800,12,21069099,'1',NULL,NULL,NULL,0,0),(4663,'Gulabjam 120 g',160,'Gulabjam 120 g','846203000580','1',60,60,5,21069099,'1',NULL,NULL,NULL,0,0),(4664,'Gulabjam 250 g',160,'Gulabjam 250 g','846203000597','1',100,100,5,21069099,'1',NULL,NULL,NULL,0,0),(4665,'Gulabjam 500 g',160,'Gulabjam 500 g','846203000603','1',160,160,5,21069099,'1',NULL,NULL,NULL,0,0),(4666,'Gajar Halwa 250 g',163,'Gajar Halwa 250 g','846203003222','1',145,145,5,21069099,'1',NULL,NULL,NULL,0,0),(4667,'Moong Dal Halwa 250 g',163,'Moong Dal Halwa 250 g','846203003239','1',170,170,5,21069099,'1',NULL,NULL,NULL,0,0),(4668,'Besan Ladoo 250 g',160,'Besan Ladoo 250 g','846203001358','1',140,140,5,21069099,'1',NULL,NULL,NULL,0,0),(4669,'Dink Ladoo 250 g',160,'Dink Ladoo 250 g','846203001402','1',160,160,5,21069099,'1',NULL,NULL,NULL,0,0),(4670,'Methi Ladoo 250 g',160,'Methi Ladoo 250 g','846203002249','1',170,170,5,21069099,'1',NULL,NULL,NULL,0,0),(4671,'Motichoor Ladoo 250 g',160,'Motichoor Ladoo 250 g','846203001365','1',160,160,5,21069099,'1',NULL,NULL,NULL,0,0),(4672,'Motichoor Ladoo 500 g',160,'Motichoor Ladoo 500 g','846203001525','1',240,240,5,21069099,'1',NULL,NULL,NULL,0,0),(4673,'Nutrich Ladoo 250 g',160,'Nutrich Ladoo 250 g','846203002232','1',160,160,5,21069099,'1',NULL,NULL,NULL,0,0),(4674,'Kadak Bundi Ladoo 200 g',163,'Kadak Bundi Ladoo 200 g','846203000000','1',75,75,5,21069099,'1',NULL,NULL,NULL,0,0),(4675,'Gulabjam 120 g M2',164,'Gulabjam 120 g M2','846203002294','1',70,70,5,21069099,'1',NULL,NULL,NULL,0,0),(4676,'Kaju Katli 200 g M2',164,'Kaju Katli 200 g M2','846203002256','1',240,240,5,21069099,'1',NULL,NULL,NULL,0,0),(4677,'Chocolate Soanpapdi 200 g M2',164,'Chocolate Soanpapdi 200 g M2','846203002263','1',130,130,5,21069099,'1',NULL,NULL,NULL,0,0),(4678,'Kesar Soanpapdi 200 g M2',164,'Kesar Soanpapdi 200 g M2','846203002270','1',130,130,5,21069099,'1',NULL,NULL,NULL,0,0),(4679,'Strawberry Flav. S P 200 g M2',164,'Strawberry Flav. S P 200 g M2','846203002287','1',130,130,5,21069099,'1',NULL,NULL,NULL,0,0),(4680,'Amba Modak 21 Pcs',167,'Amba Modak 21 Pcs','846203001389','1',190,190,5,21069099,'1',NULL,NULL,NULL,0,0),(4681,'Kaju Modak 21 Pcs',167,'Kaju Modak 21 Pcs','846203001372','1',200,200,5,21069099,'1',NULL,NULL,NULL,0,0),(4682,'Mawa Modak 21 Pcs',167,'Mawa Modak 21 Pcs','846203001396','1',190,190,5,21069099,'1',NULL,NULL,NULL,0,0),(4683,'Pista Modak 11 Pcs',167,'Pista Modak 11 Pcs','846203003673','1',110,110,5,21069099,'1',NULL,NULL,NULL,0,0),(4684,'Keshar Modak 11 Pcs',167,'Keshar Modak 11 Pcs','846203003680','1',110,110,5,21069099,'1',NULL,NULL,NULL,0,0),(4685,'Rose Flavoured Modak 11 Pcs',167,'Rose Flavoured Modak 11 Pcs','846203003697','1',110,110,5,21069099,'1',NULL,NULL,NULL,0,0),(4686,'Beetroot shev 150 g',173,'Beetroot shev 150 g','846203002560','1',80,80,12,21069099,'1',NULL,NULL,NULL,0,0),(4687,'Bikaneri Shev 150 g',173,'Bikaneri Shev 150 g','846203002577','1',72,72,12,21069099,'1',NULL,NULL,NULL,0,0),(4688,'Khatta Meetha Mixture 150 g',169,'Khatta Meetha Mixture 150 g','846203002621','1',65,65,12,21069099,'1',NULL,NULL,NULL,0,0),(4689,'Lehsuni Shev 150 g',173,'Lehsuni Shev 150 g','846203002607','1',65,65,12,21069099,'1',NULL,NULL,NULL,0,0),(4690,'Navratan Mix 150 g',169,'Navratan Mix 150 g','846203002652','1',70,70,12,21069099,'1',NULL,NULL,NULL,0,0),(4691,'Tej Mixture 150 g',169,'Tej Mixture 150 g','846203002614','1',72,72,12,21069099,'1',NULL,NULL,NULL,0,0),(4692,'Aloo Bhujiya 150 g',173,'Aloo Bhujiya 150 g','846203002553','1',75,75,12,21069099,'1',NULL,NULL,NULL,0,0),(4693,'Rajkot Pedha 250 g',160,'Rajkot Pedha 250 g','846203001631','1',190,190,5,21069099,'1',NULL,NULL,NULL,0,0),(4694,'Mini Gul Poli 95 g',161,'Mini Gul Poli 95 g','846203002508','1',80,80,5,21069099,'1',NULL,NULL,NULL,0,0),(4695,'Mini Khoa Poli 170 g',161,'Mini Khoa Poli 170 g','846203002300','1',100,100,5,21069099,'1',NULL,NULL,NULL,0,0),(4696,'Puran Poli 170 g (Without Ghee)- (2 Pcs)',161,'Puran Poli 170 g (Without Ghee)- (2 Pcs)','846203002058','1',80,80,5,21069099,'1',NULL,NULL,NULL,0,0),(4697,'Puran Poli With Ghee Cup 170 g',161,'Puran Poli With Ghee Cup 170 g','846203001792','1',125,125,12,4059020,'1',NULL,NULL,NULL,0,0),(4698,'Mini Puran Poli 4 N',161,'Mini Puran Poli 4 N','846203004199','1',80,80,5,21069099,'1',NULL,NULL,NULL,0,0),(4699,'Amba Sanja Poli 130 g',161,'Amba Sanja Poli 130 g','846203002324','1',85,85,5,21069099,'1',NULL,NULL,NULL,0,0),(4700,'Ananas Sanja Poli 130 g',161,'Ananas Sanja Poli 130 g','846203002331','1',85,85,5,21069099,'1',NULL,NULL,NULL,0,0),(4701,'Strawberry Sanja Poli 130 g',161,'Strawberry Sanja Poli 130 g','846203002317','1',85,85,5,21069099,'1',NULL,NULL,NULL,0,0),(4702,'Til Ladu 250 g',168,'Til Ladu 250 g','846203081718','1',100,100,5,21069099,'1',NULL,NULL,NULL,0,0),(4703,'Til Ladu Kadak 250 g',168,'Til Ladu Kadak 250 g','846203002522','1',120,120,5,21069099,'1',NULL,NULL,NULL,0,0),(4704,'Til Wadi Kadak 250 g',168,'Til Wadi Kadak 250 g','846203002539','1',120,120,5,21069099,'1',NULL,NULL,NULL,0,0),(4705,'Chitale Rasgulla 500 g Tin',146,'Chitale Rasgulla 500 g Tin','846203000573','1',130,130,5,21069099,'1',NULL,NULL,NULL,0,0),(4706,'Pineapple Sheera 200 g',163,'Pineapple Sheera 200 g','846203003628','1',100,100,5,21069099,'1',NULL,NULL,NULL,0,0),(4707,'Upma 200 g',163,'Upma 200 g','846203003635','1',80,80,18,21069099,'1',NULL,NULL,NULL,0,0),(4708,'Sabudana Khichadi 150g',163,'Sabudana Khichadi 150g','846203004182','1',80,80,18,21069099,'1',NULL,NULL,NULL,0,0),(4709,'Happiness Pack(Gift Box Empty B)',159,'Happiness Pack(Gift Box Empty B)','4158','1',65,65,18,48191010,'1',NULL,NULL,NULL,0,0),(4710,'Royal Carnival Pack(Gift Box Empty M)',159,'Royal Carnival Pack(Gift Box Empty M)','4160','1',48,48,18,48191010,'1',NULL,NULL,NULL,0,0),(4711,'Generic White Lock-Bottom Box 500g',159,'Generic White Lock-Bottom Box 500g','4163','1',10,10,18,48191010,'1',NULL,NULL,NULL,0,0),(4712,'Secondary Carton (545*350*360)',159,'Secondary Carton (545*350*360)','11','1',48,48,18,48192010,'1',NULL,NULL,NULL,0,0),(4713,'Chitale Whole Almond 200 g',150,'Chitale Whole Almond 200 g','846203002850','1',280,280,12,8022100,'1',NULL,NULL,NULL,0,0),(4714,'Chitale Shelled Salted Pistachio 150 g',150,'Chitale Shelled Salted Pistachio 150 g','846203002843','1',310,310,12,8025100,'1',NULL,NULL,NULL,0,0),(4715,'Chitale Golden Raisin 200 g',150,'Chitale Golden Raisin 200 g','846203002829','1',140,140,5,8062010,'1',NULL,NULL,NULL,0,0),(4716,'Chitale Afgan Black Raisin 200 g',150,'Chitale Afgan Black Raisin 200 g','846203002836','1',180,180,5,8062010,'1',NULL,NULL,NULL,0,0),(4717,'Chitale Millet Upma 50 g',163,'Chitale Millet Upma 50 g','846203003475','1',65,65,18,21069099,'1',NULL,NULL,NULL,0,0),(4718,'Millet Poha 50 g',163,'Millet Poha 50 g','846203003499','1',65,65,18,21069099,'1',NULL,NULL,NULL,0,0),(4719,'Chitale Millet Sheera 50g',163,'Chitale Millet Sheera 50g','846203003468','1',80,80,18,21069099,'1',NULL,NULL,NULL,0,0),(4720,'Chitale Millet Khichadi 50 g',163,'Chitale Millet Khichadi 50 g','846203003482','1',80,80,18,21069099,'1',NULL,NULL,NULL,0,0),(4721,'Pista Bites 100 g',162,'Pista Bites 100 g','846203003352','1',140,140,18,18061000,'1',NULL,NULL,NULL,0,0),(4722,'Cashew Bites 100 g',162,'Cashew Bites 100 g','846203003369','1',140,140,18,18061000,'1',NULL,NULL,NULL,0,0),(4723,'Khari 150 g',172,'Khari 150 g','846203002775','1',80,80,18,19059020,'1',NULL,NULL,NULL,0,0),(4724,'Jeera Khari 150 g',172,'Jeera Khari 150 g','846203002805','1',85,85,18,19059020,'1',NULL,NULL,NULL,0,0),(4725,'Methi Khari 200 g',172,'Methi Khari 200 g','846203002782','1',100,100,18,19059020,'1',NULL,NULL,NULL,0,0),(4726,'Soanpapdi Classic 200 g',164,'Soanpapdi Classic 200 g','846203003642','1',80,80,5,21069099,'1',NULL,NULL,NULL,0,0),(4727,'SP Classic Mango 200 g',164,'SP Classic Mango 200 g','846203003666','1',80,80,5,21069099,'1',NULL,NULL,NULL,0,0),(4728,'SP Classic Orange 200 g',164,'SP Classic Orange 200 g','846203003659','1',80,80,5,21069099,'1',NULL,NULL,NULL,0,0),(4729,'Chirote 200 g (Blue Box)',168,'Chirote 200 g (Blue Box)','846203003871','1',100,100,5,21069099,'1',NULL,NULL,NULL,0,0),(4730,'Shahi Anarase 33 Pcs',168,'Shahi Anarase 33 Pcs','846203003451','1',450,450,5,21069099,'1',NULL,NULL,NULL,0,0),(4731,'Shahi Anarse 200 g Box',168,'Shahi Anarse 200 g Box','846203003970','1',180,180,5,21069099,'1',NULL,NULL,NULL,0,0),(4732,'Secondary Carton (475*380*360)',159,'Secondary Carton (475*380*360)','0','1',40,40,12,48192010,'1',NULL,NULL,NULL,0,0),(4733,'Transparent Pouch 6.5\'*8.5\'',159,'Transparent Pouch 6.5\'*8.5\'','0','1',1,1,18,39239090,'1',NULL,NULL,NULL,0,0),(4734,'Spicy Potato Chivda 100 g',170,'Spicy Potato Chivda 100 g','0','1',47,47,12,21069099,'1',NULL,NULL,NULL,0,0),(4735,'Happiness Pack Sec.Cart - Big Tray',159,'Happiness Pack Sec.Cart - Big Tray','0','1',125,125,18,48191010,'1',NULL,NULL,NULL,0,0),(4736,'Happiness Pack Sec.Cart - Big Lid',159,'Happiness Pack Sec.Cart - Big Lid','0','1',1,1,18,48191010,'1',NULL,NULL,NULL,0,0),(4737,'Kadak Til Wadi (Loose)',168,'Kadak Til Wadi (Loose)','0','2',420,420,5,21069099,'1',NULL,NULL,NULL,0,0);
/*!40000 ALTER TABLE `items` ENABLE KEYS */;
UNLOCK TABLES;

--
-- Table structure for table `itemsubgroups`
--

DROP TABLE IF EXISTS `itemsubgroups`;
/*!40101 SET @saved_cs_client     = @@character_set_client */;
 SET character_set_client = utf8mb4 ;
CREATE TABLE `itemsubgroups` (
  `ID` int NOT NULL AUTO_INCREMENT,
  `ItemGroupID` int DEFAULT NULL,
  `Name` text CHARACTER SET utf8mb4 COLLATE utf8mb4_0900_as_cs,
  `shortname` text CHARACTER SET utf8mb4 COLLATE utf8mb4_0900_as_cs,
  `FoodERP_ID` int DEFAULT NULL,
  `DisplayIndex` int DEFAULT NULL,
  `IsActive` tinyint DEFAULT NULL,
  PRIMARY KEY (`ID`)
) ENGINE=InnoDB AUTO_INCREMENT=175 DEFAULT CHARSET=utf8mb4 COLLATE=utf8mb4_0900_as_cs;
/*!40101 SET character_set_client = @saved_cs_client */;

--
-- Dumping data for table `itemsubgroups`
--

LOCK TABLES `itemsubgroups` WRITE;
/*!40000 ALTER TABLE `itemsubgroups` DISABLE KEYS */;
INSERT INTO `itemsubgroups` VALUES (140,59,'A1','A1',NULL,7,1),(141,59,'A2','A2',NULL,7,1),(142,59,'A3','A3',NULL,7,1),(143,59,'A4','A4',NULL,7,1),(144,59,'A5','A5',NULL,7,1),(145,60,'Dairy 1','Dairy 1',NULL,4,1),(146,60,'Dairy 2','Dairy 2',NULL,4,1),(147,60,'Dairy 3 & Instant Mix','Dairy 3 & Instant Mix',NULL,4,1),(148,60,'Ghee & Chakka','Ghee & Chakka',NULL,4,1),(149,60,'Shrikhand','Shrikhand',NULL,4,1),(150,61,'Dry Fruits 1','Dry Fruits 1',NULL,5,1),(151,61,'Ice Cream','Ice Cream',NULL,5,1),(152,61,'Ice Cream 1','Ice Cream 1',NULL,5,1),(153,61,'Ice Cream 2','Ice Cream 2',NULL,5,1),(154,62,'Burfi','Burfi',NULL,1,1),(155,62,'Ladoo','Ladoo',NULL,1,1),(156,62,'Others','Others',NULL,1,1),(157,62,'Pedha','Pedha',NULL,1,1),(158,62,'Premium 1','Premium 1',NULL,1,1),(159,63,'Merchandising','Merchandising',NULL,8,1),(160,64,'Packed 1','Packed 1',NULL,3,1),(161,64,'Packed 2','Packed 2',NULL,3,1),(162,64,'Packed 3','Packed 3',NULL,3,1),(163,64,'Packed 4','Packed 4',NULL,3,1),(164,64,'Soanpapdi & Sugerfree','Soanpapdi & Sugerfree',NULL,3,1),(165,65,'Diwali','Diwali',NULL,6,1),(166,65,'Diwali Premium Mithai','Diwali Premium Mithai',NULL,6,1),(167,65,'Ganpati','Ganpati',NULL,6,1),(168,65,'Others','Others',NULL,6,1),(169,66,'Bakarwadi & Farsan','Bakarwadi & Farsan',NULL,2,1),(170,66,'Chivda','Chivda',NULL,2,1),(171,66,'Khakhra','Khakhra',NULL,2,1),(172,66,'Other','Other',NULL,2,1),(173,66,'Shev & Binge Bar','Shev & Binge Bar',NULL,2,1),(174,66,'Snacks','Snacks',NULL,2,1);
/*!40000 ALTER TABLE `itemsubgroups` ENABLE KEYS */;
UNLOCK TABLES;

--
-- Table structure for table `itemsunits`
--

DROP TABLE IF EXISTS `itemsunits`;
/*!40101 SET @saved_cs_client     = @@character_set_client */;
 SET character_set_client = utf8mb4 ;
CREATE TABLE `itemsunits` (
  `ID` int NOT NULL,
  `Name` varchar(50) DEFAULT NULL,
  `ItemID` int DEFAULT NULL,
  `ShortName` varchar(50) DEFAULT NULL,
  PRIMARY KEY (`ID`),
  KEY `ItemID` (`ItemID`)
) ENGINE=InnoDB DEFAULT CHARSET=utf8mb4 COLLATE=utf8mb4_0900_ai_ci;
/*!40101 SET character_set_client = @saved_cs_client */;

--
-- Dumping data for table `itemsunits`
--

LOCK TABLES `itemsunits` WRITE;
/*!40000 ALTER TABLE `itemsunits` DISABLE KEYS */;
/*!40000 ALTER TABLE `itemsunits` ENABLE KEYS */;
UNLOCK TABLES;

--
-- Table structure for table `pendingbills`
--

DROP TABLE IF EXISTS `pendingbills`;
/*!40101 SET @saved_cs_client     = @@character_set_client */;
 SET character_set_client = utf8mb4 ;
CREATE TABLE `pendingbills` (
  `id` int NOT NULL AUTO_INCREMENT,
  `MobileNumber` varchar(45) CHARACTER SET utf8mb4 COLLATE utf8mb4_0900_as_cs DEFAULT NULL,
  `MacID` varchar(45) CHARACTER SET utf8mb4 COLLATE utf8mb4_0900_as_cs DEFAULT NULL,
  `ItemCount` decimal(10,0) DEFAULT NULL,
  `Amount` decimal(10,0) DEFAULT NULL,
  `Date` datetime DEFAULT NULL,
  `Customer` varchar(45) CHARACTER SET utf8mb4 COLLATE utf8mb4_0900_as_cs DEFAULT NULL,
  PRIMARY KEY (`id`)
) ENGINE=InnoDB AUTO_INCREMENT=22 DEFAULT CHARSET=utf8mb4 COLLATE=utf8mb4_0900_as_cs;
/*!40101 SET character_set_client = @saved_cs_client */;

--
-- Dumping data for table `pendingbills`
--

LOCK TABLES `pendingbills` WRITE;
/*!40000 ALTER TABLE `pendingbills` DISABLE KEYS */;
/*!40000 ALTER TABLE `pendingbills` ENABLE KEYS */;
UNLOCK TABLES;

--
-- Table structure for table `serverconnections`
--

DROP TABLE IF EXISTS `serverconnections`;
/*!40101 SET @saved_cs_client     = @@character_set_client */;
 SET character_set_client = utf8mb4 ;
CREATE TABLE `serverconnections` (
  `ID` int NOT NULL AUTO_INCREMENT,
  `IsServer` tinyint NOT NULL,
  `Host` varchar(45) CHARACTER SET utf8mb4 COLLATE utf8mb4_0900_as_cs NOT NULL,
  `User` varchar(45) CHARACTER SET utf8mb4 COLLATE utf8mb4_0900_as_cs NOT NULL,
  `Password` varchar(45) CHARACTER SET utf8mb4 COLLATE utf8mb4_0900_as_cs NOT NULL,
  `DatabaseName` varchar(45) CHARACTER SET utf8mb4 COLLATE utf8mb4_0900_as_cs NOT NULL,
  `Type` varchar(10) CHARACTER SET utf8mb4 COLLATE utf8mb4_0900_as_cs NOT NULL,
  PRIMARY KEY (`ID`)
) ENGINE=InnoDB AUTO_INCREMENT=8 DEFAULT CHARSET=utf8mb4 COLLATE=utf8mb4_0900_as_cs;
/*!40101 SET character_set_client = @saved_cs_client */;

--
-- Dumping data for table `serverconnections`
--

LOCK TABLES `serverconnections` WRITE;
/*!40000 ALTER TABLE `serverconnections` DISABLE KEYS */;
INSERT INTO `serverconnections` VALUES (6,1,'localhost','root','root','sweetpos_python','MYSQl');
/*!40000 ALTER TABLE `serverconnections` ENABLE KEYS */;
UNLOCK TABLES;

--
-- Table structure for table `todolist`
--

DROP TABLE IF EXISTS `todolist`;
/*!40101 SET @saved_cs_client     = @@character_set_client */;
 SET character_set_client = utf8mb4 ;
CREATE TABLE `todolist` (
  `id` int NOT NULL AUTO_INCREMENT,
  `name` varchar(50) NOT NULL,
  `status` varchar(50) DEFAULT NULL,
  `date_created` datetime DEFAULT CURRENT_TIMESTAMP ON UPDATE CURRENT_TIMESTAMP,
  PRIMARY KEY (`id`)
) ENGINE=InnoDB DEFAULT CHARSET=utf8mb4 COLLATE=utf8mb4_0900_ai_ci;
/*!40101 SET character_set_client = @saved_cs_client */;

--
-- Dumping data for table `todolist`
--

LOCK TABLES `todolist` WRITE;
/*!40000 ALTER TABLE `todolist` DISABLE KEYS */;
/*!40000 ALTER TABLE `todolist` ENABLE KEYS */;
UNLOCK TABLES;

--
-- Table structure for table `token_item`
--

DROP TABLE IF EXISTS `token_item`;
/*!40101 SET @saved_cs_client     = @@character_set_client */;
 SET character_set_client = utf8mb4 ;
CREATE TABLE `token_item` (
  `ID` int NOT NULL AUTO_INCREMENT,
  `Token_ID` varchar(45) CHARACTER SET utf8mb4 COLLATE utf8mb4_0900_as_cs NOT NULL,
  `ItemID` int NOT NULL,
  `Quantity` decimal(20,3) DEFAULT '0.000',
  `DiscountValue` decimal(20,3) DEFAULT '0.000',
  `DiscountType` varchar(5) CHARACTER SET utf8mb4 COLLATE utf8mb4_0900_as_cs DEFAULT '%',
  PRIMARY KEY (`ID`)
) ENGINE=InnoDB AUTO_INCREMENT=39 DEFAULT CHARSET=utf8mb4 COLLATE=utf8mb4_0900_as_cs;
/*!40101 SET character_set_client = @saved_cs_client */;

--
-- Dumping data for table `token_item`
--

LOCK TABLES `token_item` WRITE;
/*!40000 ALTER TABLE `token_item` DISABLE KEYS */;
/*!40000 ALTER TABLE `token_item` ENABLE KEYS */;
UNLOCK TABLES;

--
-- Table structure for table `users`
--

DROP TABLE IF EXISTS `users`;
/*!40101 SET @saved_cs_client     = @@character_set_client */;
 SET character_set_client = utf8mb4 ;
CREATE TABLE `users` (
  `id` int NOT NULL AUTO_INCREMENT,
  `username` varchar(255) CHARACTER SET utf8mb4 COLLATE utf8mb4_0900_as_cs DEFAULT NULL,
  `password` varchar(255) CHARACTER SET utf8mb4 COLLATE utf8mb4_0900_as_cs DEFAULT NULL,
  `userRole` varchar(45) CHARACTER SET utf8mb4 COLLATE utf8mb4_0900_as_cs DEFAULT NULL,
  PRIMARY KEY (`id`)
) ENGINE=InnoDB AUTO_INCREMENT=13 DEFAULT CHARSET=utf8mb4 COLLATE=utf8mb4_0900_as_cs;
/*!40101 SET character_set_client = @saved_cs_client */;

--
-- Dumping data for table `users`
--

LOCK TABLES `users` WRITE;
/*!40000 ALTER TABLE `users` DISABLE KEYS */;
INSERT INTO `users` VALUES (2,'cashier','123','cashier');
/*!40000 ALTER TABLE `users` ENABLE KEYS */;
UNLOCK TABLES;

--
-- Dumping events for database 'sweetpos_python'
--

--
-- Dumping routines for database 'sweetpos_python'
--
/*!40103 SET TIME_ZONE=@OLD_TIME_ZONE */;

/*!40101 SET SQL_MODE=@OLD_SQL_MODE */;
/*!40014 SET FOREIGN_KEY_CHECKS=@OLD_FOREIGN_KEY_CHECKS */;
/*!40014 SET UNIQUE_CHECKS=@OLD_UNIQUE_CHECKS */;
/*!40101 SET CHARACTER_SET_CLIENT=@OLD_CHARACTER_SET_CLIENT */;
/*!40101 SET CHARACTER_SET_RESULTS=@OLD_CHARACTER_SET_RESULTS */;
/*!40101 SET COLLATION_CONNECTION=@OLD_COLLATION_CONNECTION */;
/*!40111 SET SQL_NOTES=@OLD_SQL_NOTES */;

-- Dump completed on 2024-06-22 10:28:03
